"","train$TOV","predict(model)"
"1",14,12.3478657457946
"2",208,205.90003073761
"3",50,48.8542252314296
"4",234,214.183032274196
"5",217,203.737709768968
"6",14,14.4281566547777
"7",58,48.3764678443854
"8",143,134.91486320786
"9",127,110.949943539028
"10",33,31.2176028710569
"11",64,58.7760353452741
"12",218,215.077480000772
"13",136,133.241537238692
"14",224,232.132237800907
"15",80,87.3175185491894
"16",154,139.059822080978
"17",174,159.582260256745
"18",30,32.5014415792616
"19",119,106.888874352703
"20",153,147.075760550369
"21",0,-4.46700877360753
"22",216,190.058928310418
"23",145,134.337572885323
"24",26,22.6638129096061
"25",2,1.95342776864087
"26",303,270.546294044594
"27",3,9.68463540560963
"28",95,79.2498643786768
"29",20,15.1365471082351
"30",55,43.9737628874493
"31",89,85.3120350431317
"32",103,94.5226527758414
"33",176,152.074296789802
"34",146,129.594787538529
"35",1,-0.811111398046055
"36",12,11.8631378986543
"37",164,120.899971810008
"38",116,101.359731166733
"39",115,101.780393313476
"40",228,199.160056803928
"41",0,-2.65781282184216
"42",123,111.217278296404
"43",124,127.181647531391
"44",64,58.6618436927929
"45",108,93.2387746878386
"46",146,128.948223738031
"47",89,74.9150426095362
"48",210,190.585455699158
"49",118,118.573556038439
"50",44,40.4087372059727
"51",61,62.4817227661946
"52",37,34.0757715550997
"53",67,47.7061671177328
"54",184,159.671292622134
"55",113,103.807888562455
"56",95,90.3102269842401
"57",250,223.296391007813
"58",0,-1.52873708758199
"59",217,213.150650365415
"60",36,35.4206254078645
"61",150,148.136412191271
"62",12,10.9483308503029
"63",95,90.8099456862934
"64",241,210.60272919431
"65",228,214.394295932592
"66",35,34.306090965513
"67",151,137.6638928116
"68",283,244.987344939827
"69",123,115.58778431908
"70",40,35.4686619580759
"71",144,144.652525640817
"72",93,83.2059405479405
"73",6,4.6171602499195
"74",197,164.217550784404
"75",210,201.020376077961
"76",163,141.786514498141
"77",12,10.332683696285
"78",35,34.7154395125843
"79",33,27.8143551135956
"80",23,17.2106125613993
"81",169,167.425767365939
"82",99,94.1886707946918
"83",73,75.8262249637533
"84",137,116.760321164584
"85",238,211.573009325295
"86",16,13.3257950734795
"87",75,68.8805584410499
"88",232,196.611959527209
"89",88,90.5765475669267
"90",84,79.8535651749361
"91",113,96.8046510595474
"92",200,194.664887464546
"93",77,66.2456350475087
"94",176,169.675756693414
"95",61,50.8293944176466
"96",306,277.548181793942
"97",147,128.785625930161
"98",366,328.083508369607
"99",50,40.9572010469142
"100",82,80.8419055903612
"101",205,180.255758199925
"102",105,91.5206486630153
"103",79,82.9443821853077
"104",23,22.4799659977856
"105",159,129.581506903485
"106",39,33.6310638649691
"107",150,140.501228329679
"108",179,159.381946212376
"109",98,92.1697246558793
"110",1,5.46371847786456
"111",34,24.6210734797621
"112",204,177.636085050951
"113",148,132.194865473964
"114",43,37.4965835269827
"115",229,229.004951087134
"116",140,131.927016271248
"117",120,130.156459331081
"118",195,171.897043244839
"119",240,233.49091603819
"120",175,168.37684113929
"121",223,214.838189937237
"122",241,232.285822736296
"123",150,139.384342578416
"124",57,58.1024186158765
"125",259,240.652809132852
"126",47,48.7482387846125
"127",130,109.954200375546
"128",73,73.9210079576189
"129",164,146.35629579364
"130",168,157.971934863692
"131",221,212.013588576058
"132",169,135.649721826503
"133",3,8.75308281512019
"134",175,160.553497028555
"135",270,224.521950096957
"136",107,98.6982685538257
"137",194,178.663436812351
"138",128,122.275405591701
"139",165,136.134693185074
"140",7,5.32051358762682
"141",137,131.319940118294
"142",106,99.8047572940682
"143",4,7.38823760233924
"144",225,210.072878446223
"145",279,246.058833850289
"146",311,282.806746138132
"147",167,137.926499630231
"148",97,90.5585352486476
"149",2,-1.30407672703137
"150",97,91.5887152185745
"151",141,125.048893105717
"152",184,138.676991112522
"153",24,19.8167520683034
"154",186,177.906875755188
"155",101,87.5315675816318
"156",62,60.1567074295907
"157",69,61.9730445192511
"158",225,179.476486130098
"159",4,3.32138088679981
"160",59,57.5437297922077
"161",221,211.406788567498
"162",43,41.361715527044
"163",213,196.839865815058
"164",192,169.51499237519
"165",220,186.617018809663
"166",248,216.194340037526
"167",50,55.8719547776324
"168",122,100.842971809489
"169",125,100.331979817108
"170",346,320.53120328573
"171",0,-1.0097112509635
"172",90,78.6145906905317
"173",50,48.2625703001212
"174",141,122.096376935509
"175",312,277.60954557193
"176",109,93.1229050404004
"177",104,99.8139834929353
"178",67,53.6761301044458
"179",124,103.363695108995
"180",94,90.8259421270593
"181",213,188.390235010951
"182",131,115.150914892926
"183",8,6.81050999000914
"184",322,265.611900110515
"185",179,169.849047273311
"186",5,6.51322477670028
"187",173,158.923211269545
"188",47,42.4861430991993
"189",225,206.967455308453
"190",96,85.9984591297028
"191",48,39.9733648234073
"192",22,18.934739099102
"193",120,101.417265966801
"194",251,236.753498052258
"195",56,49.2592340237714
"196",118,105.481461963108
"197",3,3.90174085433056
"198",152,137.713364951411
"199",44,39.6520397239185
"200",201,181.643494717264
"201",128,123.235059358248
"202",167,157.807095525933
"203",63,58.1609389654433
"204",30,27.2753750319823
"205",40,33.7561116639876
"206",55,54.1683957863233
"207",360,332.003230039228
"208",175,157.081484914568
"209",67,59.1132494137018
"210",150,133.22662817813
"211",81,72.0127556773024
"212",17,14.7664641086654
"213",118,116.626261556999
"214",88,81.9080322624224
"215",301,313.152963049989
"216",172,153.602527295483
"217",71,66.7101527712936
"218",121,98.0365966209111
"219",194,186.763805885225
"220",76,59.5589166172241
"221",206,186.446055631891
"222",35,29.7886623898901
"223",42,41.5583455309584
"224",15,13.2958484581321
"225",85,80.3457219975782
"226",238,225.716121579044
"227",103,85.9453271371942
"228",228,210.451728184158
"229",46,41.2638146688755
"230",232,190.370537754475
"231",186,148.091867925393
"232",30,26.7902273677431
"233",152,133.44311712402
"234",126,115.943501935441
"235",19,18.7738578828923
"236",161,138.98341905332
"237",81,73.171695402142
"238",141,116.978096078241
"239",266,237.397794277615
"240",286,283.803802234148
"241",20,20.508107013378
"242",0,-3.54007704606238
"243",48,42.5203541206377
"244",352,340.493636695935
"245",69,59.9843388163612
"246",66,60.5252332770653
"247",184,186.865441574262
"248",77,77.9898720242014
"249",8,10.2532770817749
"250",245,241.290184241661
"251",1,0.443292268884817
"252",38,24.6924260164944
"253",158,144.381082127982
"254",173,178.655060506145
"255",73,78.594503839741
"256",200,171.904129797744
"257",181,154.752202233437
"258",62,54.037546883129
"259",77,62.7672221937698
"260",206,204.484257905212
"261",107,101.450916113526
"262",107,100.909172559966
"263",191,183.243878595832
"264",63,56.3921456681142
"265",168,158.704575852109
"266",49,40.6192198209122
"267",257,228.662858460104
"268",158,154.800338666857
"269",280,255.855727128306
"270",117,104.956025201574
"271",22,18.4508581460592
"272",226,200.895394741322
"273",294,288.60500958464
"274",107,114.19706416979
"275",156,133.354001730279
"276",189,150.755318688795
"277",83,88.2962663805427
"278",242,220.999654494859
"279",228,219.734093324858
"280",56,52.2719147011521
"281",6,5.50457998379996
"282",236,228.884178957157
"283",0,-2.93268828493437
"284",16,16.3748891602631
"285",134,120.582735862486
"286",282,301.703266910573
"287",32,32.8792760421952
"288",279,264.929695700971
"289",30,29.2746672766961
"290",22,21.8854386724143
"291",197,188.420939065166
"292",21,18.8471462909651
"293",52,50.3271552564947
"294",1,1.53481542462443
"295",97,96.9735711944104
"296",193,202.256127159128
"297",34,32.0846498266994
"298",68,66.0609304946066
"299",198,187.799829257553
"300",103,105.48357283304
"301",10,9.59817308723195
"302",11,11.8973425406936
"303",156,154.325412843406
"304",0,-5.06384991735805
"305",197,202.30605162593
"306",18,14.5658118589283
"307",200,203.534161002616
"308",147,147.921255077552
"309",185,183.731198143368
"310",6,6.38514292238369
"311",119,110.57339382943
"312",17,17.9125218493417
"313",135,132.516461534623
"314",97,89.4235658278064
"315",153,146.532355680095
"316",138,146.733743654519
"317",108,110.167025939142
"318",164,141.339577373506
"319",89,76.7814339686536
"320",114,113.089197257754
"321",208,195.544874211769
"322",5,6.23482844238493
"323",64,64.793323013512
"324",96,105.546277647569
"325",119,109.452804607412
"326",56,60.5844131164981
"327",175,167.271768181634
"328",116,111.932757590985
"329",255,262.742274974355
"330",40,36.9119960963622
"331",88,90.5402762364332
"332",65,70.4679251870555
"333",193,184.415510374928
"334",31,24.6649960112359
"335",187,176.101425907133
"336",142,130.746736749982
"337",0,4.59681322072069
"338",131,127.472975194906
"339",1,-4.93963826147928
"340",52,50.8656617713057
"341",53,51.4730522970652
"342",174,174.21255773054
"343",44,40.6588399828926
"344",79,79.1588608226111
"345",12,9.21151942399828
"346",39,43.9164905912671
"347",222,210.465811566589
"348",155,148.205846668206
"349",17,16.0704552440648
"350",23,22.2787211481456
"351",214,222.553009723946
"352",293,272.947807354202
"353",197,196.239866481153
"354",92,102.083199586834
"355",8,8.44697479239026
"356",190,177.694893967475
"357",211,220.095484541482
"358",64,60.2572330650808
"359",130,122.211793307442
"360",93,88.5544834981841
"361",162,174.729110342329
"362",26,21.6899411175135
"363",22,20.6460862816476
"364",73,71.6192974254092
"365",196,186.528477984456
"366",2,6.23192461659131
"367",315,299.15335720509
"368",210,210.46819240888
"369",93,99.9498233561972
"370",323,331.386944273937
"371",107,107.540315074152
"372",22,17.9610479828727
"373",297,277.344644806803
"374",134,121.559590907707
"375",153,167.702060963586
"376",36,36.1106133606331
"377",286,276.669991579863
"378",106,100.901161291887
"379",310,294.708735349725
"380",75,77.6788393914038
"381",64,62.8052570453176
"382",95,92.4354951521228
"383",185,193.503096577334
"384",89,97.878667666853
"385",44,41.2333621730851
"386",17,18.6927270511013
"387",89,88.9508562451728
"388",120,113.205570290518
"389",117,120.351781454734
"390",121,114.76036746304
"391",141,138.40761571761
"392",9,9.75407674210567
"393",93,100.254259835921
"394",32,29.0926111085639
"395",145,133.928214149077
"396",2,0.174824966599365
"397",235,236.175555969494
"398",200,182.266415510924
"399",60,62.1800788473314
"400",148,145.588621883676
"401",5,3.29595911662235
"402",13,11.161095422331
"403",47,47.2371385977947
"404",202,209.536186541491
"405",134,130.20228020896
"406",185,172.275054157752
"407",223,213.133050656511
"408",14,10.6454200518075
"409",7,7.13347440560404
"410",99,105.036737794832
"411",78,77.9457806412187
"412",171,174.414517059809
"413",78,81.9475603812004
"414",111,107.941025633801
"415",87,87.5822704496842
"416",65,63.0227891178887
"417",191,180.725949854488
"418",213,204.670705757714
"419",178,167.32113258936
"420",254,224.555216699015
"421",170,177.782202819759
"422",312,280.609534235702
"423",114,102.444532776904
"424",165,169.83093670397
"425",156,167.494741738491
"426",102,91.2511026443867
"427",244,247.76425232276
"428",109,105.396835175245
"429",288,288.765270642882
"430",300,292.488192772261
"431",323,318.604545458725
"432",225,179.236575011522
"433",163,159.256275491759
"434",98,94.4886321906473
"435",20,22.0159780372634
"436",141,131.792207864934
"437",120,109.12876412351
"438",245,238.21823981306
"439",47,40.3266053277056
"440",65,61.5068096758156
"441",149,150.107496410335
"442",175,167.581387328257
"443",154,144.82886600883
"444",165,168.318334449243
"445",51,48.149627443103
"446",137,149.196090924569
"447",255,247.240551060775
"448",233,201.680573144492
"449",326,326.891303665066
"450",200,191.231191686425
"451",273,248.492399389131
"452",51,43.036855320638
"453",217,196.043860922189
"454",54,49.2705650336445
"455",237,254.019889980891
"456",346,330.900021944401
"457",124,124.981338757588
"458",87,76.9126485201451
"459",16,12.3293851094929
"460",4,9.84841698965496
"461",120,102.897164374688
"462",130,126.202639916024
"463",102,93.0381065323412
"464",100,104.490993170492
"465",235,230.20788595026
"466",98,100.925660458961
"467",20,19.54876368646
"468",187,203.691891374355
"469",82,83.9260459228306
"470",170,146.370843580269
"471",6,6.69909048888887
"472",175,159.314883448882
"473",231,239.676069687461
"474",22,17.2028989910266
"475",163,161.194000416817
"476",13,16.8681985780257
"477",247,221.884325334158
"478",233,217.965399485257
"479",193,175.409689557731
"480",157,165.454838097996
"481",17,17.4927716300456
"482",1,2.68646679539422
"483",65,66.2619342079313
"484",337,333.740091378849
"485",100,104.510799488296
"486",45,41.4361562000802
"487",153,146.901095504836
"488",57,63.9169654522555
"489",131,133.586733089536
"490",96,92.0265478487574
"491",141,139.293991775492
"492",65,70.0761266743341
"493",8,6.24241434574281
"494",164,154.252588476533
"495",11,10.6049954086208
"496",233,228.800271433623
"497",179,178.115218853425
"498",53,60.8378062839912
"499",87,79.6493110202653
"500",209,188.740318777933
"501",88,76.2059182107274
"502",59,54.6864158979229
"503",259,239.268933410545
"504",55,50.0924936843564
"505",99,101.048350725437
"506",255,243.890378076258
"507",188,165.700979548754
"508",25,22.5916911663634
"509",111,111.754862868479
"510",253,231.758859792525
"511",199,201.240718873655
"512",98,97.1539633109701
"513",100,96.6425609056793
"514",72,69.388461254097
"515",75,80.6393104591197
"516",42,38.9929536113046
"517",170,159.430032738292
"518",255,233.380107050235
"519",95,93.4608363947549
"520",8,9.80293570775981
"521",14,12.1804351666907
"522",36,32.3124354089976
"523",304,305.456036760397
"524",80,77.0902427107729
"525",96,94.8917224550578
"526",88,91.832451742731
"527",17,12.8736464232945
"528",53,52.4194497888391
"529",303,275.910121772261
"530",186,188.031823455466
"531",205,178.810121566888
"532",138,114.794790763346
"533",51,51.6081374476356
"534",127,116.024837052354
"535",141,146.829821088804
"536",156,176.65874858442
"537",135,136.916305666563
"538",49,53.4571839859251
"539",73,67.465235901618
"540",127,115.479221216099
"541",68,58.3754833623348
"542",123,122.085920784903
"543",185,168.7318275903
"544",15,14.1429570517296
"545",98,94.6585030946621
"546",71,72.9599932008655
"547",184,163.439128760591
"548",170,173.019634863268
"549",106,121.03784598044
"550",232,236.620810231679
"551",212,198.185966982233
"552",11,9.06535457654988
"553",180,158.762851934871
"554",196,192.397368279603
"555",224,249.821662729315
"556",20,20.8391972699502
"557",99,66.7921894881897
"558",190,166.695886567133
"559",93,84.6106580967062
"560",285,281.074228851645
"561",233,225.37241407906
"562",41,39.932364592759
"563",257,242.56091681383
"564",119,121.199003797735
"565",297,287.73713779908
"566",39,41.7926601795464
"567",218,220.038046041064
"568",242,234.584988935194
"569",27,28.3088887025012
"570",11,10.4014279407159
"571",79,68.9005161797566
"572",133,139.516216870253
"573",189,185.750422804605
"574",18,18.361496442002
"575",152,102.208964291891
"576",9,11.0050116552621
"577",20,15.3991444127886
"578",4,4.28038977132396
"579",157,153.030426968641
"580",104,103.816440412055
"581",147,136.719371912383
"582",263,216.632104749303
"583",179,184.440088927984
"584",197,202.721965047283
"585",8,6.93361628517792
"586",181,160.058513997561
"587",96,102.298850219892
"588",8,8.86435264392239
"589",166,159.020912078739
"590",135,131.171272741642
"591",47,43.1931201595845
"592",167,146.553823820603
"593",172,163.626720795959
"594",179,172.0140425902
"595",105,85.744472390808
"596",29,26.3373889074081
"597",0,-1.61454239556874
"598",170,148.481129663884
"599",149,144.043778367738
"600",25,26.6716734197615
"601",91,93.1231772028784
"602",22,22.9238211614157
"603",1,1.67854811332771
"604",57,51.2771236146149
"605",108,105.528440873703
"606",154,153.575575540826
"607",143,135.45462362962
"608",5,5.00993949916722
"609",10,7.32556367391474
"610",222,218.217386482708
"611",68,65.8978237357801
"612",33,30.1079560249774
"613",216,198.738879625222
"614",55,57.9005431198416
"615",175,177.251569349152
"616",109,98.343593644106
"617",82,72.0660969756286
"618",71,69.7812037668267
"619",142,140.619890760259
"620",140,130.871847348881
"621",84,89.3469193036384
"622",60,66.4199190333276
"623",13,10.7347970525065
"624",108,107.838001386557
"625",130,121.535846670852
"626",5,8.05141599432984
"627",74,70.4059789039034
"628",123,123.668366712627
"629",233,207.494468771063
"630",14,13.9418285833337
"631",3,2.21775977231986
"632",202,211.781522066437
"633",242,234.056588837902
"634",230,218.678247386943
"635",76,73.9851316849596
"636",3,5.78179874983176
"637",168,161.904231178628
"638",112,114.571237786242
"639",127,126.410097625876
"640",240,228.104800802462
"641",79,71.5324163809165
"642",110,95.5309633213069
"643",91,81.8058146753786
"644",131,142.995363170952
"645",88,84.0248684464286
"646",24,24.9262976188326
"647",67,68.4713813067143
"648",214,205.998904790979
"649",284,268.89820798834
"650",36,35.2726980410427
"651",128,131.034298591014
"652",20,18.4987156179957
"653",105,99.8366134238891
"654",51,50.919615962389
"655",282,293.306763670317
"656",4,1.75875692949383
"657",228,229.253857037336
"658",163,149.187159054698
"659",115,117.304501277682
"660",73,66.7200519677975
"661",49,54.3104677145442
"662",254,238.298647647126
"663",22,22.7933954354336
"664",133,128.158469583154
"665",59,59.2858413181766
"666",38,42.5986351267887
"667",58,60.3299751784501
"668",36,34.3809974473512
"669",210,208.219622056947
"670",102,100.6757948256
"671",131,133.091120926179
"672",166,153.096911964894
"673",81,86.4541052422876
"674",118,120.307178258421
"675",105,95.4603311354892
"676",45,36.9142719350379
"677",121,109.006210096121
"678",215,233.712125607312
"679",134,126.487805449262
"680",88,89.7301338115845
"681",109,102.501690366056
"682",102,91.5427524568014
"683",123,122.846745867579
"684",171,167.273061234908
"685",59,59.6624706965785
"686",13,10.2521148414087
"687",128,127.541777635721
"688",120,115.397411119422
"689",50,50.4039837687537
"690",73,74.5053093735517
"691",163,188.84836984818
"692",9,8.73480003121153
"693",117,103.686545207101
"694",4,3.23484705959601
"695",78,79.3553183948643
"696",227,217.589929229029
"697",189,188.380811819544
"698",199,197.188841769568
"699",247,215.299822501597
"700",305,270.549359598386
"701",185,174.684435937975
"702",286,265.876213564306
"703",96,96.9247637539011
"704",42,37.0264455389529
"705",146,147.378132208571
"706",218,218.385100044522
"707",122,116.885185067238
"708",112,102.438763840463
"709",258,269.123770267873
"710",49,46.6274296963341
"711",198,188.788095961087
"712",140,138.724181022403
"713",232,244.430697311284
"714",30,26.7791364117188
"715",0,-3.31626937853524
"716",50,48.4643335626838
"717",100,99.0631934579211
"718",132,116.818469382241
"719",163,193.483354884952
"720",5,1.66777865210179
"721",51,49.8408170384674
"722",5,2.85743734961808
"723",41,37.4295646833663
"724",40,36.8576501801857
"725",211,217.857020694836
"726",97,92.7927028629117
"727",64,68.2830777372869
"728",100,115.52732340217
"729",162,163.451309258486
"730",205,181.542292961229
"731",10,8.53306430349142
"732",101,101.12574470297
"733",206,208.795297402702
"734",184,184.899671693173
"735",218,204.270441157191
"736",35,31.6586731573977
"737",300,297.750868214372
"738",23,21.9115899673416
"739",82,78.1406622616068
"740",230,210.177778139032
"741",77,84.8054299254199
"742",238,216.470146106653
"743",131,127.169427742298
"744",281,281.42491837242
"745",89,98.3661915577416
"746",64,57.9464220691886
"747",36,33.3252486649481
"748",112,110.55485487981
"749",182,174.184922205457
"750",172,157.659029459309
"751",132,129.573707617194
"752",10,9.25273691917435
"753",117,110.246026054414
"754",155,149.367542920591
"755",28,35.9498203484262
"756",162,169.808697091387
"757",257,246.829938763577
"758",198,212.745861408593
"759",231,224.545559952366
"760",288,283.973842248474
"761",19,19.1290516844795
"762",180,185.093887292677
"763",2,4.00473260422345
"764",174,159.17554306839
"765",225,226.035948040088
"766",163,169.95681513682
"767",115,123.61231203897
"768",93,81.6270119338886
"769",48,47.9271271932035
"770",18,17.532809441363
"771",119,115.155738789539
"772",51,43.0525487629135
"773",103,89.962209860728
"774",164,171.783580830302
"775",155,150.975393193394
"776",19,17.5142287299437
"777",164,155.913190905102
"778",129,128.241607722136
"779",64,62.8518598038554
"780",359,330.177667080488
"781",28,29.2114969574109
"782",151,140.809984457477
"783",137,151.638073229029
"784",2,3.24513412737728
"785",251,240.429030686853
"786",148,152.49910331412
"787",138,133.254574647837
"788",159,146.676024337486
"789",99,105.910527320704
"790",233,217.627515061635
"791",148,145.11966899924
"792",92,92.0832529467585
"793",163,165.316572215407
"794",169,157.129737549103
"795",122,132.683062919317
"796",91,88.882109458595
"797",202,187.588677497013
"798",192,198.656169195789
"799",83,76.3959670573886
"800",12,9.1409815004308
"801",2,0.203976763397587
"802",81,75.276254084054
"803",121,121.721288698273
"804",200,200.249087946944
"805",53,51.311931974829
"806",33,28.7603658838454
"807",95,89.1153088267587
"808",282,280.002319680367
"809",57,49.686823904847
"810",33,27.3700033813904
"811",17,17.352935969783
"812",141,121.145473653533
"813",348,322.769815681747
"814",116,110.035139191966
"815",98,68.8942922047478
"816",16,11.3063637737024
"817",65,69.8711652578903
"818",131,120.652113293061
"819",175,182.833758976916
"820",153,191.856512840135
"821",158,166.832110027753
"822",8,12.3995871656337
"823",157,155.246149068376
"824",50,44.6147979161528
"825",37,33.8773522428281
"826",112,107.491512145879
"827",170,167.168283576482
"828",63,63.2726801872584
"829",86,76.0963445664214
"830",20,19.7436942929711
"831",112,125.440165654299
"832",207,214.223453292239
"833",157,154.319513566533
"834",8,9.15150384050797
"835",36,37.8652898339712
"836",167,159.723980366433
"837",193,192.151372911978
"838",157,172.155747057647
"839",107,114.934406004666
"840",171,123.240601134095
"841",181,163.320346030641
"842",256,265.683747569713
"843",49,51.653216396621
"844",92,101.187783082642
"845",68,64.6099772827965
"846",8,5.29881032432602
"847",8,13.1235297506767
"848",186,171.669299430223
"849",108,110.035296971884
"850",9,6.49114430841911
"851",249,246.143742112553
"852",8,7.59910603166981
"853",226,218.551615371618
"854",23,24.651214270175
"855",265,251.962158401246
"856",33,32.4635394235487
"857",219,204.788663775823
"858",117,132.485081626294
"859",197,191.539121063595
"860",149,138.685858440522
"861",31,28.8213335283152
"862",190,171.797244874982
"863",76,68.5482213505258
"864",289,241.589247900519
"865",173,177.17329556755
"866",1,2.24000999785691
"867",111,108.403317666071
"868",69,64.8335779214024
"869",122,118.006963356869
"870",162,141.95113789418
"871",48,43.9559266121973
"872",92,92.0224766558297
"873",150,149.94270265662
"874",171,168.296824341901
"875",2,0.0208726900726941
"876",163,164.650663639871
"877",131,124.618164166323
"878",1,1.80262557830652
"879",31,29.6400217619851
"880",176,156.347129645798
"881",236,226.222774401996
"882",24,21.138767359219
"883",38,36.6862713748092
"884",61,64.2542260766116
"885",17,17.8510412192526
"886",41,41.4918532776684
"887",231,217.796611910443
"888",47,42.4562285825182
"889",243,203.438064583473
"890",50,46.80511449673
"891",38,43.4606885589915
"892",200,173.28516432125
"893",105,102.590392090871
"894",174,166.799664429689
"895",4,6.89744408030537
"896",159,160.895921402654
"897",32,29.3945500276706
"898",174,174.381798730129
"899",22,19.3827964562593
"900",176,182.38826281177
"901",146,144.60056901879
"902",164,162.70103607185
"903",77,81.9186219240467
"904",131,124.500795427554
"905",134,124.379399546487
"906",5,-1.2958043039166
"907",114,107.36423521266
"908",29,31.1061913563397
"909",33,36.2435738796769
"910",282,277.7221739614
"911",123,109.218945225215
"912",167,164.786652106036
"913",0,0.621784604592498
"914",61,59.0903781915178
"915",222,199.900976034069
"916",220,208.981855316828
"917",58,51.8981251728254
"918",88,80.0332278010654
"919",68,70.0598617130749
"920",14,16.5186917870786
"921",90,88.8969605674975
"922",194,189.45416619487
"923",166,154.852013582766
"924",13,11.2578149079313
"925",35,31.5546654518733
"926",137,128.729621855237
"927",56,67.1721890764072
"928",37,40.050290865888
"929",164,161.701996793584
"930",119,119.788291125668
"931",44,43.5654537147857
"932",241,259.056992905325
"933",266,260.006944453826
"934",72,67.4299939461505
"935",20,17.4596849225581
"936",127,121.853951136767
"937",49,45.8447113093565
"938",241,259.784684154996
"939",195,192.472112553335
"940",23,20.7639890500902
"941",77,72.4303588916918
"942",90,86.7617652949032
"943",15,11.8184377832585
"944",251,219.101633822114
"945",236,232.23225753633
"946",62,56.9380715393452
"947",128,126.551675248851
"948",69,74.2948286794484
"949",83,86.5239304092326
"950",192,166.573906331382
"951",144,130.979968609429
"952",132,132.555234696013
"953",231,245.989624611253
"954",151,145.492207938467
"955",88,92.024539735258
"956",1,-1.1543619789103
"957",84,83.0772349513083
"958",11,11.5467415335832
"959",23,24.3614463623837
"960",32,35.0689770722558
"961",22,10.3421319050054
"962",161,148.570372558419
"963",189,197.658310122976
"964",81,69.2455875413238
"965",160,148.595577536625
"966",93,93.0547548596758
"967",153,145.364981790941
"968",166,167.181370284674
"969",188,177.595017827415
"970",127,128.001192481617
"971",31,28.8320904299106
"972",207,204.23635126695
"973",120,119.388190059411
"974",229,213.237819430635
"975",44,44.3353696006497
"976",179,182.297002914368
"977",130,179.309298135683
"978",0,1.89382112947662
"979",87,86.2243082118748
"980",121,119.189182861507
"981",208,209.842995198846
"982",197,194.687212940877
"983",110,106.964255323026
"984",230,219.567965858666
"985",7,7.88461523824335
"986",143,135.501644152248
"987",190,198.445697001243
"988",230,209.260649244897
"989",25,24.8592915368452
"990",130,122.885940546446
"991",216,201.01330544822
"992",149,155.49343655952
"993",168,172.993689176685
"994",126,107.891303760767
"995",101,98.6908356679315
"996",57,52.7718742053045
"997",143,144.091852773085
"998",17,18.5793577156909
"999",30,33.5448710021979
"1000",16,21.3259268537942
"1001",209,198.911657695401
"1002",78,73.9920403670597
"1003",161,137.927533348771
"1004",30,31.8684053141706
"1005",265,227.226862005125
"1006",164,170.404715564396
"1007",177,154.255262562296
"1008",67,64.5407331817909
"1009",10,13.2166051319051
"1010",50,51.671130814403
"1011",161,152.579791187304
"1012",182,182.722507855627
"1013",206,216.770759978782
"1014",132,126.183591819069
"1015",19,21.8159149504947
"1016",65,70.1090736367759
"1017",139,138.402995530113
"1018",1,1.31790554849122
"1019",189,179.146556677891
"1020",173,157.568060393833
"1021",9,9.90846661864724
"1022",145,138.710879136546
"1023",151,140.905642301191
"1024",185,162.522444979442
"1025",176,182.231387994397
"1026",70,81.1442260313462
"1027",95,85.4790034904537
"1028",38,43.0427246918304
"1029",308,299.182179381541
"1030",261,249.193988987298
"1031",180,175.077553915444
"1032",71,61.3185746199242
"1033",3,1.32570100607786
"1034",32,30.7895473764263
"1035",24,24.0698546161685
"1036",2,-0.417308540964448
"1037",79,75.042368088847
"1038",221,207.410758159665
"1039",110,97.9442082187183
"1040",158,156.618098443048
"1041",81,69.1573569975609
"1042",0,2.01513555408723
"1043",125,119.190656192074
"1044",8,7.70881208517267
"1045",175,170.725467733015
"1046",88,96.3664753604557
"1047",160,146.414821992482
"1048",145,147.650309636834
"1049",154,138.897714291016
"1050",108,109.6357097145
"1051",129,137.033305209902
"1052",211,198.804985286021
"1053",163,158.16622615237
"1054",10,7.46560754959664
"1055",248,243.960203413421
"1056",116,116.547148461933
"1057",25,22.1868498011484
"1058",285,280.591814052182
"1059",146,156.432064798256
"1060",202,187.170726103559
"1061",2,1.26029403288097
"1062",123,115.039549097012
"1063",130,126.813386108921
"1064",191,188.445734971257
"1065",84,74.2242875926722
"1066",1,1.23472841066248
"1067",89,87.5149650707199
"1068",131,135.146112361279
"1069",99,87.4524283545866
"1070",165,148.310043847823
"1071",22,20.2169822774433
"1072",122,116.524431639912
"1073",251,252.800041066653
"1074",2,5.71542680107414
"1075",26,26.3750856214965
"1076",232,235.663114147087
"1077",74,70.2593694559626
"1078",13,12.8763881265402
"1079",78,71.5173642898471
"1080",198,210.830209895367
"1081",68,62.8637969943524
"1082",110,106.447498543552
"1083",302,263.802130462636
"1084",28,26.8630731097495
"1085",141,135.391436788925
"1086",182,175.329100416168
"1087",250,216.19735613773
"1088",149,132.222702120046
"1089",187,183.26782868348
"1090",83,99.1544339893992
"1091",52,49.5848975512702
"1092",57,55.8734820183746
"1093",52,47.4023745936078
"1094",178,172.032887325893
"1095",212,213.690264832989
"1096",21,18.0302632244465
"1097",30,28.4418373767973
"1098",77,76.9251186738328
"1099",61,56.7888460462756
"1100",41,38.9013390229229
"1101",143,124.547789968922
"1102",42,36.7171837749154
"1103",28,25.7465303323699
"1104",201,215.67502628091
"1105",159,147.043002643518
"1106",146,155.237669234884
"1107",176,182.366573460414
"1108",195,176.492203128938
"1109",3,6.19095501722241
"1110",206,176.962474031548
"1111",172,176.040266803466
"1112",18,19.0174521065543
"1113",4,5.12561124357494
"1114",111,101.381650448193
"1115",57,55.0644097024237
"1116",259,220.900595001718
"1117",250,230.342543268317
"1118",241,227.920999287472
"1119",58,46.5982459036387
"1120",219,207.74029849192
"1121",163,137.242416360154
"1122",97,106.392477475648
"1123",16,11.3706914725824
"1124",108,109.548892482736
"1125",86,86.5607838944606
"1126",9,8.00623975742565
"1127",85,87.1969277150043
"1128",115,113.383801754955
"1129",80,85.1723483140013
"1130",144,147.350321969658
"1131",129,129.093299575063
"1132",103,89.8532502168113
"1133",161,192.373411791608
"1134",78,73.6149177652995
"1135",18,16.2469039278786
"1136",12,13.1385477732824
"1137",56,54.0744761105198
"1138",48,51.6833751093278
"1139",94,95.0495954507268
"1140",28,28.9129359668795
"1141",175,146.157311063854
"1142",207,204.62424541467
"1143",34,30.8045682967756
"1144",59,60.4584517675578
"1145",166,151.833668153448
"1146",235,233.366095687933
"1147",141,141.467187616356
"1148",12,13.6014852534183
"1149",74,63.1961829038462
"1150",136,133.150566391453
"1151",54,56.6173723127355
"1152",91,84.3383457726871
"1153",74,69.8354795202148
"1154",230,220.546448775823
"1155",196,208.407131541487
"1156",135,137.109354803266
"1157",53,49.3744945677151
"1158",178,194.184525749202
"1159",6,3.05534262060703
"1160",2,6.39791571621288
"1161",139,138.360429893123
"1162",119,165.289528341571
"1163",106,119.921523041878
"1164",149,164.178377984871
"1165",93,96.0291692499441
"1166",4,4.54748051896111
"1167",160,154.11985867102
"1168",254,237.639150593196
"1169",64,65.2192250873508
"1170",113,113.729299957117
"1171",54,48.9888765775086
"1172",28,28.6059122347846
"1173",37,33.4919051979471
"1174",71,77.1342427287726
"1175",13,13.3357093810436
"1176",139,135.656717719301
"1177",37,31.594195644049
"1178",125,136.991985494796
"1179",64,64.1369433015521
"1180",165,162.644554722112
"1181",83,80.4590224513947
"1182",197,198.261301084631
"1183",96,102.563981457334
"1184",84,79.0725727021673
"1185",183,172.721848972826
"1186",180,180.556344970877
"1187",3,7.61507544081269
"1188",13,13.4161665846781
"1189",95,77.9413814032572
"1190",152,149.594797184783
"1191",63,70.7713369759203
"1192",206,178.634307349153
"1193",54,57.5034319934599
"1194",78,82.3670049361823
"1195",166,148.441323623552
"1196",94,89.43893599864
"1197",18,20.6581719021199
"1198",220,220.471265568759
"1199",184,187.089630060046
"1200",41,42.9053345051926
"1201",135,142.553667262169
"1202",175,176.7015761309
"1203",80,87.494244082628
"1204",1,-3.36852550750216
"1205",151,155.175766582198
"1206",88,97.5077715864608
"1207",4,7.24881600932321
"1208",139,140.75990262275
"1209",82,83.0173216105086
"1210",17,16.1802319141453
"1211",108,104.76859582082
"1212",44,49.7477827061017
"1213",11,8.95949530407625
"1214",299,298.572156106828
"1215",159,157.760388324406
"1216",43,43.2316433051939
"1217",186,202.426080723004
"1218",5,6.82899950227362
"1219",112,115.930009124733
"1220",96,93.2357646348169
"1221",26,25.7942662530171
"1222",35,37.0827032374293
"1223",44,47.0472176629394
"1224",17,18.6838615933663
"1225",115,117.403122009362
"1226",92,84.5041998623707
"1227",55,54.1869363678622
"1228",178,184.262248957823
"1229",174,190.613789046092
"1230",2,-0.329745658378678
"1231",80,68.1101971166085
"1232",123,144.711152513883
"1233",72,75.2205097435338
"1234",7,10.0172970174121
"1235",24,25.3059387477991
"1236",162,162.220451566405
"1237",136,139.513294397678
"1238",261,286.511576180123
"1239",214,236.158319722284
"1240",26,25.1237963608612
"1241",13,13.679752277562
"1242",52,54.2662044946576
"1243",15,14.3964753898177
"1244",194,214.281572003258
"1245",208,229.239337412942
"1246",126,116.86435986218
"1247",38,36.0713713666143
"1248",210,199.412110286338
"1249",227,240.079460474462
"1250",27,23.8426257670441
"1251",56,52.3461417216564
"1252",100,114.210498003441
"1253",198,229.527010790998
"1254",180,185.468699061266
"1255",96,97.3750319642797
"1256",40,41.5315577039202
"1257",193,198.891567306863
"1258",88,94.2077842270806
"1259",148,162.644213298775
"1260",73,72.3068986608764
"1261",1,-2.75552745350028
"1262",106,113.632543916396
"1263",20,17.5596013925024
"1264",78,80.1345626212736
"1265",92,94.0595216019735
"1266",36,24.8211637940613
"1267",87,91.3717282932299
"1268",208,195.168016635729
"1269",19,17.5535542120052
"1270",175,169.464976731906
"1271",150,146.218414211228
"1272",105,98.2784276340809
"1273",12,15.0880230712531
"1274",156,168.241106122729
"1275",66,65.7499675275709
"1276",8,9.34811135287976
"1277",146,164.622418223575
"1278",111,114.050199398382
"1279",161,160.651462610858
"1280",171,187.341505293506
"1281",169,208.868218951668
"1282",24,27.235255867674
"1283",7,6.87789128298957
"1284",138,143.343658140936
"1285",233,245.098820686159
"1286",186,201.363956646048
"1287",160,174.545294582057
"1288",92,99.0364134897708
"1289",17,15.7836172971936
"1290",286,281.506254851608
"1291",145,151.460656111658
"1292",191,182.283169664678
"1293",13,13.0134266195998
"1294",100,106.722341414123
"1295",197,199.780738309334
"1296",96,97.0189749649375
"1297",145,155.71233941842
"1298",155,155.385897032088
"1299",155,145.942290020145
"1300",66,65.7097689063757
"1301",50,47.8452740720537
"1302",66,61.4303308820929
"1303",9,6.87576715454534
"1304",16,16.5363078328511
"1305",244,246.010270525991
"1306",84,81.7234733667187
"1307",82,81.2104404590852
"1308",180,171.534841304873
"1309",267,239.458673002922
"1310",155,168.168165501194
"1311",137,130.978097205336
"1312",21,21.7737573834891
"1313",26,29.8365419278083
"1314",18,18.3901700077962
"1315",43,38.9371854136425
"1316",56,58.4386952726921
"1317",82,83.3195401665237
"1318",121,122.294311433288
"1319",48,46.4256086719332
"1320",45,44.2410805486995
"1321",49,53.84947681196
"1322",166,166.527002078896
"1323",153,135.509042358492
"1324",0,-8.21567883272466
"1325",123,118.890142534259
"1326",185,180.235670847324
"1327",129,135.124206026114
"1328",14,12.8082520169321
"1329",59,63.2525473185135
"1330",68,78.3098225696596
"1331",167,145.082183128752
"1332",156,172.964166323916
"1333",173,191.948638817287
"1334",4,4.59744442469981
"1335",112,112.515283343722
"1336",125,130.449389180658
"1337",162,182.093995219978
"1338",294,290.374254012233
"1339",63,66.1250382808682
"1340",174,185.565197819027
"1341",92,93.6473794714544
"1342",51,47.3134871958549
"1343",3,5.60833767139337
"1344",21,21.2068454963768
"1345",22,19.7645387802253
"1346",34,30.7436770337496
"1347",131,142.60994674416
"1348",137,126.831577168567
"1349",20,17.0977934110673
"1350",115,141.261942588438
"1351",124,114.050295319923
"1352",25,23.3681481714519
"1353",153,175.943036780492
"1354",67,73.4489872062584
"1355",55,52.2267821006945
"1356",208,212.150051028855
"1357",175,187.290767699438
"1358",5,4.42983297871232
"1359",82,81.2051219136351
"1360",104,108.421682965133
"1361",48,46.2519767079936
"1362",140,139.570221764767
"1363",104,108.484890824451
"1364",101,108.937528870918
"1365",56,62.5456519166078
"1366",238,252.677054355516
"1367",147,148.273133899314
"1368",139,147.47892348354
"1369",6,6.20020047892047
"1370",137,137.822520503062
"1371",137,147.340221273375
"1372",221,219.562016302993
"1373",51,53.9281536732457
"1374",45,42.8735699875245
"1375",144,152.943408792695
"1376",57,56.9802294199505
"1377",66,67.9626395494272
"1378",69,73.9568806178934
"1379",42,39.95439059838
"1380",25,27.2563038742412
"1381",77,79.1730039660131
"1382",229,241.658586218224
"1383",37,39.2898330086135
"1384",157,157.922828463142
"1385",20,20.9982914910407
"1386",79,83.943789465103
"1387",291,269.592889259539
"1388",92,90.8221505549983
"1389",149,169.634968098262
"1390",1,6.84438349999196
"1391",202,203.102549170137
"1392",83,81.0868068053072
"1393",13,21.3865575170197
"1394",29,39.7492444607834
"1395",79,77.9308149087818
"1396",89,82.6586512013059
"1397",183,186.741342078085
"1398",237,246.53980445217
"1399",195,193.603373958053
"1400",2,3.70026743682515
"1401",151,155.39356118327
"1402",98,103.857596994943
"1403",0,-0.334485783873181
"1404",199,214.199285027035
"1405",122,126.885385982007
"1406",42,41.5336061483047
"1407",213,239.862602993702
"1408",107,116.246702313398
"1409",47,50.5526733096553
"1410",105,105.959643498585
"1411",155,160.43012939648
"1412",124,133.620411997128
"1413",14,10.6654168098267
"1414",217,203.641349946881
"1415",111,113.55604021791
"1416",145,140.87372908612
"1417",4,2.55585576206728
"1418",9,8.67552831532238
"1419",82,73.7821496450493
"1420",5,3.08391388354824
"1421",277,255.731771177473
"1422",299,310.263907227029
"1423",142,139.727840099952
"1424",245,256.768456625706
"1425",45,43.778506857027
"1426",214,220.788815683201
"1427",6,8.18826976114378
"1428",280,264.468398619864
"1429",116,124.708950372919
"1430",121,119.460662591451
"1431",127,130.659254154004
"1432",29,25.7106856415913
"1433",189,195.846103635413
"1434",55,59.6773834784932
"1435",194,209.155246460788
"1436",68,70.1954431625102
"1437",107,116.431464308596
"1438",111,126.440721479443
"1439",19,20.1899301449121
"1440",35,32.2772128424173
"1441",90,87.5945460657191
"1442",73,86.5777530372086
"1443",47,48.0232267068105
"1444",141,136.031874718905
"1445",14,14.5880556301475
"1446",71,64.3909341012817
"1447",138,144.624638049283
"1448",164,175.654976645153
"1449",62,60.4216799494552
"1450",134,145.637964576459
"1451",235,244.26641180323
"1452",107,87.5977619359839
"1453",197,220.647463062339
"1454",137,137.98614976758
"1455",290,296.363467162605
"1456",64,64.9513537345051
"1457",114,118.085736930139
"1458",78,67.956364459146
"1459",118,119.885908774184
"1460",35,33.9418968854709
"1461",71,64.9195104813276
"1462",15,21.1204697039853
"1463",153,173.165075210604
"1464",107,100.165749832066
"1465",2,-0.97828066384521
"1466",1,2.16416430768978
"1467",2,9.04753076068076
"1468",200,175.820750166334
"1469",242,234.059319909034
"1470",261,238.799411166843
"1471",98,94.5869325648615
"1472",5,8.16867308976016
"1473",79,89.7845970775714
"1474",93,81.7989184628436
"1475",163,163.449275062362
"1476",118,101.30408974842
"1477",196,183.272687756882
"1478",157,144.466642786518
"1479",171,160.53139427814
"1480",12,10.9166272954561
"1481",28,26.6500173005574
"1482",35,33.6402322088107
"1483",240,210.922057473361
"1484",114,110.955437609736
"1485",118,111.449987226168
"1486",42,43.5513905073162
"1487",59,56.9474447061768
"1488",45,48.8596380749531
"1489",14,13.9687788229846
"1490",97,101.528495577533
"1491",122,117.213001198787
"1492",31,31.906892192427
"1493",43,38.5325722503654
"1494",177,163.590785261719
"1495",110,113.307854148413
"1496",82,72.4609329500448
"1497",177,172.789784870208
"1498",159,156.58030039311
"1499",25,20.602749939889
"1500",73,68.6160046841069
"1501",185,171.989948404199
"1502",79,72.2073546644101
"1503",285,244.601893891898
"1504",118,114.516555091031
"1505",204,177.024188678885
"1506",83,79.6577843280997
"1507",234,210.049714234733
"1508",179,156.172873516932
"1509",146,139.047517707616
"1510",99,87.2448798489156
"1511",238,207.579771978398
"1512",105,95.1323951115924
"1513",32,29.9973738553279
"1514",128,117.520534513693
"1515",162,150.955661232287
"1516",228,208.62997365191
"1517",44,46.6306821500936
"1518",9,8.6323161478594
"1519",44,39.5039319372852
"1520",5,2.44883014310028
"1521",162,160.663238004389
"1522",204,194.570150784426
"1523",76,73.0495920749177
"1524",205,191.25355577255
"1525",81,78.5201178029564
"1526",143,127.119708301071
"1527",91,89.6011020259914
"1528",114,117.831181096237
"1529",0,-0.179259911351749
"1530",188,184.895020611203
"1531",281,241.310253646317
"1532",5,5.35293703084033
"1533",1,-0.63089248085888
"1534",132,124.80212882043
"1535",0,-1.45224986961923
"1536",1,-5.7499122800963
"1537",135,139.948580073348
"1538",272,268.844524131295
"1539",9,9.07035749840718
"1540",160,133.118123422037
"1541",113,128.72832329968
"1542",96,92.9791077124005
"1543",140,151.768829906282
"1544",152,151.296952336821
"1545",20,21.9002007068815
"1546",110,97.4359774604895
"1547",49,43.7371866119222
"1548",83,73.7917958965037
"1549",24,21.648900614951
"1550",263,277.741915559748
"1551",196,172.753520786892
"1552",71,69.9440306131925
"1553",43,40.022857577016
"1554",106,98.6628604190664
"1555",134,132.226757557842
"1556",209,220.951402482657
"1557",81,76.5396491832828
"1558",3,3.75759555982263
"1559",247,230.006376729078
"1560",254,243.464139495535
"1561",52,52.2688877080521
"1562",126,106.084200869263
"1563",49,58.9898307842711
"1564",222,242.265196711403
"1565",154,155.294820061998
"1566",2,5.72950071371757
"1567",27,25.6650982649384
"1568",68,67.8505515154703
"1569",252,248.567544952294
"1570",24,24.7093806867235
"1571",84,79.7026076570826
"1572",144,148.002867208254
"1573",9,-1.00911999264804
"1574",9,7.49546977814174
"1575",107,102.181748439509
"1576",200,194.190582204022
"1577",49,40.6829296978192
"1578",67,63.6100612546286
"1579",128,127.657185793902
"1580",50,52.6288049327651
"1581",127,126.04822815049
"1582",106,116.409286842393
"1583",13,12.5557409905818
"1584",161,136.508584384095
"1585",198,191.356202693809
"1586",158,145.885787558888
"1587",195,187.174310952522
"1588",133,123.132813936552
"1589",174,199.591957858552
"1590",83,80.0898502905088
"1591",25,22.8580356006542
"1592",124,122.319440250627
"1593",204,194.27472818597
"1594",156,160.598986657813
"1595",238,227.369634022958
"1596",19,18.3185506408469
"1597",301,271.109463617283
"1598",196,192.607589978686
"1599",238,206.115339103555
"1600",104,93.7550786704231
"1601",180,176.116214677033
"1602",152,155.625282902583
"1603",15,13.0088588725873
"1604",109,103.154948910805
"1605",171,162.378616240633
"1606",101,92.842177378319
"1607",146,131.293599548533
"1608",6,8.99426162678058
"1609",83,85.3658117276776
"1610",54,46.407324933297
"1611",17,15.4385868557363
"1612",118,117.150370785323
"1613",217,222.239729924996
"1614",149,142.258694879256
"1615",47,40.3667170061492
"1616",245,209.983668725212
"1617",197,175.062286335944
"1618",65,61.31764452795
"1619",193,165.846003504622
"1620",8,6.96020435338983
"1621",22,20.6100941978924
"1622",98,90.7236754934442
"1623",176,184.936036350027
"1624",38,37.4831469831177
"1625",20,18.5446374208247
"1626",82,77.5656783667111
"1627",198,198.883945772577
"1628",134,128.956536513952
"1629",137,126.569657220533
"1630",73,72.9543295453186
"1631",5,5.23078010223789
"1632",186,179.805671209556
"1633",118,107.688232981155
"1634",6,4.38770250615369
"1635",64,60.2147519483334
"1636",144,124.061883037786
"1637",47,40.072104667751
"1638",221,218.141582942987
"1639",89,86.1628357700488
"1640",90,83.4385829105113
"1641",2,2.46436778126398
"1642",170,173.033005837371
"1643",264,250.658546178255
"1644",123,124.669875277442
"1645",165,153.124813197704
"1646",13,13.5146574454399
"1647",68,65.2741595545187
"1648",40,36.706051745557
"1649",27,22.7969074733163
"1650",159,137.462186007334
"1651",101,111.448162839251
"1652",80,74.2108659473683
"1653",36,33.3658486095598
"1654",118,115.878669865624
"1655",126,131.902205143427
"1656",45,40.9040879460672
"1657",67,62.1123026147922
"1658",197,195.39098348243
"1659",226,208.4869799969
"1660",46,38.4279011951928
"1661",2,-3.83190344334575
"1662",89,105.444356863741
"1663",190,176.262861808043
"1664",3,0.107296347131443
"1665",203,165.836204954785
"1666",22,20.9913688013345
"1667",51,57.0177552213943
"1668",7,10.5758410957529
"1669",11,8.42082942618598
"1670",66,69.8808772731675
"1671",237,211.21948938197
"1672",33,29.9779862223671
"1673",62,53.2576651746622
"1674",152,137.811276433633
"1675",13,13.0618220358414
"1676",93,89.0018912262631
"1677",48,46.8533525740317
"1678",185,184.925518420061
"1679",47,51.0933915469579
"1680",156,167.759798652393
"1681",2,-0.933051137279828
"1682",49,44.6232300168393
"1683",50,43.055661923174
"1684",18,16.8020094770601
"1685",22,17.1203062140234
"1686",100,131.80955140363
"1687",21,18.4275971702388
"1688",162,157.414685142698
"1689",74,70.0014092585365
"1690",25,22.0049883209582
"1691",145,131.592320670943
"1692",129,124.353838227021
"1693",50,52.641943602619
"1694",99,92.6810007510538
"1695",244,221.931541883512
"1696",72,66.1238614036819
"1697",224,197.465445687048
"1698",13,9.94528360754802
"1699",190,174.43595968669
"1700",45,49.0934986323273
"1701",95,88.1451235296817
"1702",141,135.447404054257
"1703",245,232.395130088689
"1704",297,283.889004604117
"1705",92,83.0843192915585
"1706",28,22.6651879015709
"1707",253,251.539258117273
"1708",81,75.4909693848357
"1709",64,65.3231579289135
"1710",172,178.095498962089
"1711",104,104.377178944814
"1712",194,187.561771846983
"1713",138,128.949735607296
"1714",190,195.719127210174
"1715",42,33.6222201673657
"1716",11,10.5517697618958
"1717",0,1.7187301787358
"1718",83,79.0106275945479
"1719",102,100.804692307255
"1720",98,88.3891974149346
"1721",6,7.7932455191215
"1722",147,144.34500692898
"1723",55,47.8623296195654
"1724",197,183.411098654925
"1725",2,1.12841631123657
"1726",55,52.5974516466214
"1727",60,61.9378601100521
"1728",30,29.054582687051
"1729",137,137.529494060047
"1730",20,17.4335404430372
"1731",321,304.836144117363
"1732",48,43.3688634931866
"1733",326,321.170842526261
"1734",31,33.5965377602405
"1735",163,150.713686127047
"1736",96,93.3231409168378
"1737",281,256.240724538972
"1738",22,19.4331495012829
"1739",83,81.5818811046952
"1740",271,216.007370825455
"1741",33,32.2598799498372
"1742",187,173.693550914019
"1743",70,77.2536789620878
"1744",59,56.6929108732898
"1745",120,129.328351144435
"1746",131,126.726975886551
"1747",3,3.1403829455303
"1748",177,182.417803094686
"1749",40,37.4349968533573
"1750",188,185.741599699862
"1751",102,106.899115120249
"1752",104,96.709413588742
"1753",144,147.134450007162
"1754",105,105.102026566033
"1755",71,69.9244588217964
"1756",102,93.8458230810339
"1757",126,112.241600415192
"1758",196,185.033677349614
"1759",51,51.8627344046367
"1760",65,57.1482374742319
"1761",160,141.354805981967
"1762",150,133.920634201843
"1763",5,6.07239156336663
"1764",180,171.131739665422
"1765",186,192.223724918541
"1766",246,240.87287843117
"1767",12,12.2019410936716
"1768",230,219.651404818992
"1769",229,200.707682146876
"1770",335,303.178764769671
"1771",38,37.0583120844876
"1772",185,190.323872937547
"1773",101,94.1982463541905
"1774",133,123.784252758397
"1775",61,57.4099976832388
"1776",81,82.0653144100916
"1777",111,95.7832390315744
"1778",174,174.588142335402
"1779",157,139.595667037897
"1780",178,167.808248752399
"1781",4,4.18359555722469
"1782",221,212.506654651332
"1783",117,128.93698089783
"1784",285,264.388152124213
"1785",70,73.1916595526549
"1786",20,21.5245458404112
"1787",109,136.615260697465
"1788",78,74.988528422493
"1789",3,0.61617759188258
"1790",170,175.306156978263
"1791",101,110.100377214193
"1792",105,121.233468122065
"1793",142,164.752546856418
"1794",166,183.451393588681
"1795",4,6.04894925733935
"1796",79,88.5894394852577
"1797",237,224.467695161691
"1798",170,177.589411314813
"1799",169,161.164169240763
"1800",13,18.2003088465024
"1801",8,10.2814424310208
"1802",109,105.940493014512
"1803",35,33.7707197360957
"1804",40,45.8619404156598
"1805",148,154.304615156298
"1806",78,76.9580511680995
"1807",70,82.1848401053146
"1808",53,52.4503055991531
"1809",16,21.0641584289062
"1810",100,105.443329042212
"1811",87,90.5467127897949
"1812",202,190.488283509718
"1813",46,42.9090819391391
"1814",268,245.886167217423
"1815",141,181.9732831015
"1816",42,54.4197581602109
"1817",200,181.914293405313
"1818",57,55.6208213477775
"1819",192,199.687193427079
"1820",182,178.20688535163
"1821",12,12.8308115724747
"1822",80,79.0222370843916
"1823",46,51.4330121513626
"1824",143,142.599893549224
"1825",142,143.107747394337
"1826",91,88.1414549620588
"1827",148,148.211708526407
"1828",110,98.332627041141
"1829",175,173.666954615568
"1830",10,8.59158456588374
"1831",4,0.0732285052853248
"1832",19,23.6357641444787
"1833",146,157.87282099077
"1834",218,217.762796485995
"1835",55,56.8144479362468
"1836",220,221.421570927412
"1837",263,271.154373894021
"1838",166,162.108904660249
"1839",36,37.7899092574673
"1840",134,159.90086212769
"1841",213,212.70644747029
"1842",231,223.741234280256
"1843",96,108.90219590861
"1844",29,33.9639698400421
"1845",171,157.120406828243
"1846",192,212.790993239099
"1847",194,235.512546339315
"1848",123,121.963881453001
"1849",36,31.9393448720768
"1850",97,129.500783652707
"1851",98,120.764916235753
"1852",93,101.108170789745
"1853",61,64.8565228440843
"1854",46,47.972798295267
"1855",140,146.798124290238
"1856",3,4.39380706162165
"1857",78,77.6439117506621
"1858",46,46.7558955855161
"1859",24,24.5724662093721
"1860",222,272.827198938221
"1861",230,230.683359375003
"1862",117,137.945599717446
"1863",19,19.8132038791579
"1864",196,195.215000009704
"1865",135,141.993661115454
"1866",108,105.71863142543
"1867",154,180.655466162761
"1868",68,68.6045530928768
"1869",34,34.3117149605907
"1870",11,18.4256730096492
"1871",224,229.276918535693
"1872",14,13.4655736210311
"1873",149,164.37696135063
"1874",63,67.6577252609265
"1875",120,115.573990005918
"1876",57,59.8179816839125
"1877",172,200.997085139571
"1878",60,61.1186844897313
"1879",149,162.604689071718
"1880",45,47.8609144446346
"1881",243,229.173849346723
"1882",71,75.7925312974765
"1883",35,36.0873700008225
"1884",109,127.710274946554
"1885",111,109.476425698937
"1886",66,67.297229545104
"1887",52,53.1375540870218
"1888",82,89.3648522043646
"1889",13,12.8198770965475
"1890",161,160.422309385606
"1891",76,80.7605796484016
"1892",38,39.8441111167283
"1893",14,16.5526544272259
"1894",109,104.281429839195
"1895",85,72.3495742474988
"1896",24,25.3237889698747
"1897",115,125.384355549806
"1898",145,159.903025421858
"1899",124,121.076241905275
"1900",122,171.414785545844
"1901",1,4.98527733606142
"1902",12,12.3154432263223
"1903",95,94.9180070827048
"1904",172,181.624730072418
"1905",173,197.242077196144
"1906",191,200.260737371589
"1907",186,203.366906570337
"1908",306,290.530798462592
"1909",180,186.2046496573
"1910",216,212.001246535886
"1911",59,59.7584685149402
"1912",164,177.691724996177
"1913",135,151.398169929166
"1914",101,104.559195976301
"1915",158,168.013202300003
"1916",0,-0.896046943248205
"1917",125,140.350285342483
"1918",2,6.40955684098271
"1919",30,33.2452847999836
"1920",2,6.12775773617422
"1921",26,30.1191435140605
"1922",148,148.077252583789
"1923",218,254.90803656963
"1924",195,182.287598357033
"1925",208,205.974731173744
"1926",197,193.482770900483
"1927",127,128.830571513336
"1928",20,17.2203753175688
"1929",155,149.276740081351
"1930",39,39.4480959964909
"1931",15,16.6363286110298
"1932",22,20.9442267541335
"1933",151,170.554109141204
"1934",52,47.9197868110912
"1935",21,20.2904834477805
"1936",163,167.007588798387
"1937",184,197.387344498928
"1938",72,73.5990342841614
"1939",125,127.842236840544
"1940",77,91.4044786116706
"1941",1,4.74038679698628
"1942",153,155.654917032645
"1943",245,241.224428769782
"1944",2,2.97484629815407
"1945",11,9.38233680089184
"1946",143,160.033686124375
"1947",106,112.284912472176
"1948",147,153.909577052956
"1949",177,188.107749223941
"1950",6,6.30589731393525
"1951",116,119.838057330418
"1952",142,153.647341153879
"1953",110,114.806727489676
"1954",250,255.855667761238
"1955",23,22.9780850264453
"1956",40,35.2339094301039
"1957",203,208.012088944701
"1958",127,122.860354112802
"1959",120,137.621558800828
"1960",34,37.8678616170277
"1961",49,46.1122623196172
"1962",111,114.587356032195
"1963",150,152.675370566843
"1964",62,77.3608317775061
"1965",48,50.0463388992522
"1966",70,71.4242769151285
"1967",89,96.1486539331584
"1968",83,83.3438146787473
"1969",21,24.1346932586081
"1970",0,-1.51624415873471
"1971",141,182.125755934679
"1972",44,42.4510285628599
"1973",217,229.976940571081
"1974",143,144.063776990508
"1975",177,182.644617676286
"1976",68,68.5992431652987
"1977",166,153.27624914678
"1978",33,38.549012297235
"1979",98,95.6006945375307
"1980",257,258.074329237018
"1981",114,106.491275215532
"1982",75,78.4231241877702
"1983",166,165.503851158678
"1984",83,84.3751949899452
"1985",95,101.905352809649
"1986",184,187.995253355267
"1987",22,22.3687129916982
"1988",142,155.444890519065
"1989",32,30.5727113566342
"1990",6,9.78286604229512
"1991",81,65.6846581763024
"1992",5,6.08704426433781
"1993",6,7.74653289724511
"1994",81,78.3418199633755
"1995",28,29.1449611284622
"1996",157,164.872368521761
"1997",56,59.6961129649298
"1998",141,161.347702464229
"1999",19,20.2996998822312
"2000",92,131.233550957834
"2001",100,103.526504449505
"2002",118,120.286399708819
"2003",174,176.69586221419
"2004",17,18.8036437838123
"2005",100,107.166700052298
"2006",77,76.6817366629008
"2007",187,195.306873681175
"2008",160,152.28469669821
"2009",12,15.8278786567007
"2010",101,97.3186751527969
"2011",63,61.8357266038981
"2012",205,208.237881677454
"2013",342,349.955712461922
"2014",9,10.1316463739729
"2015",294,308.238390571077
"2016",44,44.8248279255462
"2017",2,1.11724750117169
"2018",119,126.658586583114
"2019",42,48.1193387517885
"2020",116,123.783144131769
"2021",165,171.046077609774
"2022",228,221.411065874952
"2023",144,165.193738737384
"2024",236,260.90031618333
"2025",78,67.8093794385263
"2026",124,121.234888957057
"2027",222,236.229413853702
"2028",4,2.98879260589799
"2029",210,206.995949391909
"2030",34,34.3726437480448
"2031",83,88.106655317047
"2032",161,192.487686519667
"2033",81,90.6971550543756
"2034",32,35.6704137808359
"2035",62,62.4001392437743
"2036",156,171.526548739725
"2037",19,19.6510257996026
"2038",307,340.734941803348
"2039",69,86.4609378190605
"2040",27,29.3995389163206
"2041",168,176.826058625069
"2042",235,226.904501768058
"2043",73,78.3977126995932
"2044",33,31.9610922774517
"2045",51,48.0707566299315
"2046",26,28.8759553437251
"2047",297,277.524758542078
"2048",1,5.3712699833599
"2049",190,192.240487586753
"2050",54,65.2193479325961
"2051",29,28.964555586122
"2052",78,86.7489229417498
"2053",149,160.020413617564
"2054",156,199.9141326372
"2055",21,21.0677080929921
"2056",113,114.738301142408
"2057",121,131.463918080307
"2058",65,69.8139452296515
"2059",194,186.006360404559
"2060",31,32.4504882288798
"2061",33,34.2828754040123
"2062",177,185.762691359815
"2063",20,20.277454316846
"2064",85,81.9732618457168
"2065",43,47.1775702006923
"2066",2,-0.217655796138343
"2067",12,12.5593121167745
"2068",77,81.5874031033025
"2069",268,272.209163523759
"2070",24,27.8742731682199
"2071",59,56.2499193220059
"2072",139,162.296136804685
"2073",137,158.990524693391
"2074",215,218.373083194086
"2075",109,118.258883201338
"2076",237,255.466062733263
"2077",232,271.245215729234
"2078",207,226.237142670692
"2079",22,24.0735479894065
"2080",219,208.020444517935
"2081",169,202.895086241605
"2082",99,98.3847342621909
"2083",18,18.4086948716042
"2084",53,52.1206328921871
"2085",3,-0.592235940936443
"2086",32,36.8777586025497
"2087",126,139.660335103516
"2088",115,138.448030684683
"2089",188,202.570207621502
"2090",181,181.950700220361
"2091",197,214.509258006782
"2092",197,225.873649731885
"2093",253,232.953520268341
"2094",149,150.381633467037
"2095",72,63.7274771235469
"2096",32,38.6899358775005
"2097",34,38.8062321025567
"2098",207,203.38714250988
"2099",100,98.8180390909032
"2100",152,176.373254081463
"2101",106,132.25549708382
"2102",140,151.70944719586
"2103",141,142.957884302738
"2104",209,205.25250197941
"2105",68,78.8900231204806
"2106",248,250.296131891383
"2107",117,131.368190515945
"2108",162,158.752350045516
"2109",44,48.316244771127
"2110",172,179.564433193676
"2111",84,87.7200493499102
"2112",54,54.6717146865952
"2113",63,62.9308316221267
"2114",9,15.2116001369264
"2115",100,102.880340131462
"2116",116,103.252762845954
"2117",51,52.0781873699903
"2118",116,134.27531412166
"2119",46,48.3965695190605
"2120",67,69.3467668640754
"2121",33,33.3026397809075
"2122",45,51.3067346697715
"2123",81,75.6966036789451
"2124",69,62.7489300620774
"2125",19,20.7391535751904
"2126",108,107.815353631772
"2127",100,98.4096837085688
"2128",24,25.4056792577468
"2129",109,114.34788648007
"2130",8,8.48322496402192
"2131",55,54.9176040876549
"2132",45,45.5635452258421
"2133",260,271.275074369635
"2134",155,146.785956991473
"2135",42,43.6012106414671
"2136",8,8.55583862163609
"2137",112,116.17178358789
"2138",138,133.706322943528
"2139",75,76.4767618001295
"2140",48,51.805369763161
"2141",0,0.17735710186981
"2142",156,144.167904057842
"2143",149,159.815966516511
"2144",124,125.406401813748
"2145",11,9.27477286302634
"2146",166,170.064141467654
"2147",190,207.999373746529
"2148",114,119.884552954578
"2149",154,158.360714032915
"2150",171,191.773660322778
"2151",123,122.873843377577
"2152",54,54.7477785513424
"2153",152,180.434957146326
"2154",50,55.9315676730823
"2155",93,81.1372837361797
"2156",134,146.944162970567
"2157",206,187.036712265392
"2158",42,47.1265380149968
"2159",179,196.778095979438
"2160",223,235.241454443115
"2161",40,35.7221916386456
"2162",65,83.4718310370047
"2163",77,83.2097727065197
"2164",206,225.017424648019
"2165",4,7.98810088749341
"2166",3,2.0715311062152
"2167",17,14.8644410383177
"2168",162,172.587813241532
"2169",22,21.160940105834
"2170",58,63.1068834645818
"2171",2,0.822590385727204
"2172",251,261.28917111039
"2173",208,208.40243488609
"2174",130,134.126951934608
"2175",32,30.7112639699261
"2176",197,216.978520676157
"2177",251,266.843744665359
"2178",17,15.0275275197825
"2179",117,125.1643997061
"2180",139,159.190190229428
"2181",92,99.6460705225921
"2182",198,197.103198518989
"2183",241,263.897238308314
"2184",55,52.1252764867968
"2185",136,136.221123891408
"2186",69,64.8460789268477
"2187",12,11.2109832396278
"2188",1,4.92510224740289
"2189",51,50.3133097976425
"2190",177,202.976301872714
"2191",68,65.1049419113904
"2192",63,65.7354881611584
"2193",55,54.5751479099043
"2194",247,230.910603084212
"2195",40,52.2661042667355
"2196",49,51.7811933678635
"2197",115,137.855341379855
"2198",123,115.753999603875
"2199",50,52.3254368987671
"2200",2,0.70775583151912
"2201",231,244.906336892204
"2202",49,47.5400685994268
"2203",171,184.280924838746
"2204",135,132.852569276918
"2205",170,159.704618094496
"2206",123,132.677275658294
"2207",178,196.006014916557
"2208",167,183.575726338103
"2209",8,9.34108628328053
"2210",119,121.298945941613
"2211",93,117.818803262601
"2212",1,2.65685398728144
"2213",43,40.8436961176842
"2214",212,222.953943885224
"2215",244,249.242676506059
"2216",59,70.2573351116115
"2217",39,43.784285914467
"2218",305,299.52789612385
"2219",176,179.535080389431
"2220",142,142.794143527586
"2221",151,142.77066670683
"2222",135,156.635713411716
"2223",118,119.576372292587
"2224",40,38.9550444911616
"2225",143,151.960405817308
"2226",1,3.12114414021362
"2227",61,61.2269263610579
"2228",35,35.90926219061
"2229",61,69.9197185479159
"2230",291,300.937055956222
"2231",124,128.796469174923
"2232",231,259.72001836257
"2233",12,13.4465020934443
"2234",66,73.8444684514318
"2235",65,71.7357588077184
"2236",204,215.764959963515
"2237",42,42.4011479567659
"2238",29,25.9545251832523
"2239",70,73.7080959742517
"2240",28,32.6305762778013
"2241",48,48.6178417801029
"2242",1,-3.78330472771289
"2243",129,165.457138346638
"2244",51,41.6630853878818
"2245",32,32.4965819279674
"2246",203,228.453860808061
"2247",133,139.49749430505
"2248",183,187.076899024769
"2249",177,164.763348766802
"2250",98,103.012994273926
"2251",13,13.6591630068788
"2252",102,99.9980431926826
"2253",151,171.997825442823
"2254",111,116.278621476262
"2255",133,133.167068605917
"2256",107,114.133540707505
"2257",286,277.480741103961
"2258",18,18.0454670569065
"2259",124,129.521505613178
"2260",98,95.2788105548171
"2261",95,95.4139033874939
"2262",114,119.179791138286
"2263",178,175.477868325133
"2264",10,9.97120461175759
"2265",8,8.55930490972618
"2266",81,90.0705106294933
"2267",157,172.869002712335
"2268",32,33.4116366426591
"2269",44,55.3719830105121
"2270",19,22.6068381161527
"2271",50,54.6153815748307
"2272",36,35.2812671582221
"2273",144,173.137539447405
"2274",85,90.1815536712106
"2275",184,200.889905330158
"2276",236,242.139198029203
"2277",8,9.54431919164023
"2278",136,173.380463132701
"2279",190,212.059323371064
"2280",3,3.33444141668966
"2281",12,14.8528121800455
"2282",10,1.10475598137106
"2283",95,88.6843004000836
"2284",273,262.569237744875
"2285",100,101.541668896598
"2286",51,57.0924386844648
"2287",234,252.528259017296
"2288",185,183.245258547388
"2289",58,58.8798590508451
"2290",138,159.311876539583
"2291",186,194.431541835754
"2292",30,28.6410488603226
"2293",108,120.286492973068
"2294",81,88.4579591831898
"2295",102,103.746813238785
"2296",71,64.8840877876831
"2297",63,61.8089434933765
"2298",100,96.6309747466103
"2299",50,50.0200082756943
"2300",7,7.96970083760546
"2301",70,78.7517134249558
"2302",247,246.695435755332
"2303",97,94.5465664411097
"2304",113,132.686375767477
"2305",1,0.997622262461494
"2306",101,98.88325840541
"2307",78,76.9495580132001
"2308",249,246.772316745886
"2309",176,188.197706713958
"2310",89,100.894251233082
"2311",167,172.649616895286
"2312",8,7.0357614772939
"2313",161,181.578161699176
"2314",5,8.33576681907517
"2315",80,81.7578992017277
"2316",5,6.7244838267127
"2317",123,130.511214427785
"2318",179,181.521086248224
"2319",5,4.46635787067166
"2320",40,42.9886227579335
"2321",326,278.466487449907
"2322",34,38.2613039951425
"2323",21,19.3008304170756
"2324",44,47.010976340072
"2325",15,15.3895549068234
"2326",14,16.2440033319262
"2327",60,69.1973299111349
"2328",138,151.837787285195
"2329",7,11.5100525221003
"2330",74,86.2574802322734
"2331",241,253.625135071784
"2332",102,108.529931855461
"2333",160,190.01033899273
"2334",19,19.4826046796592
"2335",11,16.2672898381652
"2336",230,225.334872175411
"2337",160,161.870339709713
"2338",3,6.11885184087029
"2339",158,168.683746324258
"2340",150,165.697573499231
"2341",115,114.951768780601
"2342",80,92.612642887127
"2343",43,42.9648119410921
"2344",184,206.781805390651
"2345",150,160.716539683209
"2346",85,94.542704175228
"2347",1,8.74001536104459
"2348",15,18.8649008511767
"2349",307,314.024538290517
"2350",34,33.5249757059298
"2351",14,12.433411152496
"2352",302,318.322260356154
"2353",131,138.471974316918
"2354",35,36.5654881231215
"2355",202,211.084088372649
"2356",231,230.877201566801
"2357",57,67.4698121736603
"2358",187,200.869082068849
"2359",99,99.3659359949597
"2360",224,211.04970873383
"2361",0,0.729315211486811
"2362",118,117.325526372451
"2363",64,79.7661797981093
"2364",70,82.917911763776
"2365",90,92.9142861836788
"2366",118,121.20971045481
"2367",76,89.0487093660045
"2368",194,205.613050006368
"2369",116,110.904302775322
"2370",20,24.1358470181877
"2371",170,178.275058250596
"2372",119,122.37595724505
"2373",55,57.829639855951
"2374",204,231.475812686252
"2375",174,191.028694409187
"2376",70,69.0643406944809
"2377",47,58.1256536361917
"2378",59,62.0567725389042
"2379",144,151.404851935481
"2380",87,83.6827772443412
"2381",30,30.9330581577258
"2382",141,136.97591636208
"2383",90,92.6032467141269
"2384",49,49.3811601617564
"2385",225,245.119556890875
"2386",64,66.407525812496
"2387",91,108.73681385002
"2388",4,6.83097119656241
"2389",238,258.038799203828
"2390",213,246.403754681653
"2391",8,8.92767799654994
"2392",265,260.674675769158
"2393",49,49.9961031665257
"2394",42,39.6799302853039
"2395",44,42.599980244236
"2396",78,83.23770942517
"2397",104,116.280825712468
"2398",20,19.832180869595
"2399",95,94.789328347478
"2400",57,51.9086545597179
"2401",120,146.68954756518
"2402",25,18.2577264173131
"2403",139,165.657347126711
"2404",178,177.053824476026
"2405",198,196.396765133472
"2406",2,5.36146787269283
"2407",0,2.63396079164448
"2408",203,203.535255008272
"2409",206,218.283634735365
"2410",11,12.8225661080469
"2411",252,242.824108568211
"2412",129,126.229206714051
"2413",82,99.7661914137198
"2414",239,255.823379228281
"2415",99,101.714742833409
"2416",144,155.570753492918
"2417",54,58.8786488158012
"2418",139,138.416049418947
"2419",129,128.904930222685
"2420",350,323.544277545784
"2421",47,44.577959914255
"2422",145,144.668246037439
"2423",58,70.0250655486965
"2424",266,258.493775908601
"2425",179,188.7461598819
"2426",28,28.5648346123801
"2427",189,188.834116674769
"2428",65,63.2337533648783
"2429",88,94.5833750115957
"2430",44,33.3999506169401
"2431",17,16.8513894977583
"2432",122,122.013374715157
"2433",23,25.759853896724
"2434",23,21.2009627069384
"2435",68,68.7019551020099
"2436",20,20.3676525478643
"2437",4,5.33458789671875
"2438",9,10.4756308769757
"2439",55,57.2679649518158
"2440",106,104.053401240892
"2441",86,93.9517940001111
"2442",50,49.0330733038921
"2443",14,11.5489092811471
"2444",106,109.003831741386
"2445",275,270.73343039979
"2446",7,8.98557989274442
"2447",6,4.86803380316986
"2448",69,61.2876012759492
"2449",13,17.3853542104216
"2450",194,172.351617693079
"2451",18,18.1740486468674
"2452",238,230.550442182696
"2453",49,48.2261098102337
"2454",115,124.875908005991
"2455",15,16.0998727777768
"2456",132,133.687878764045
"2457",14,16.6190261151758
"2458",2,2.26696900469962
"2459",151,140.076415108631
"2460",117,139.168900143526
"2461",12,12.2447118254869
"2462",104,101.412793926449
"2463",0,3.99336420520879
"2464",6,8.5594426298392
"2465",87,92.7244159833985
"2466",191,214.199203578759
"2467",150,157.137455812347
"2468",67,64.121733575176
"2469",231,249.933099161595
"2470",110,115.828254061842
"2471",50,50.8396557582792
"2472",78,86.3238718888916
"2473",219,223.039024532041
"2474",124,117.227747358282
"2475",98,104.724777644231
"2476",123,123.0091479533
"2477",133,139.708039960384
"2478",282,282.91189561118
"2479",158,175.72012694381
"2480",51,70.4516936438716
"2481",4,4.03414600772346
"2482",157,160.360478234652
"2483",137,144.345057702479
"2484",128,130.391733902218
"2485",15,14.299101833827
"2486",38,38.4591907844626
"2487",249,240.7253090042
"2488",214,195.340705662702
"2489",124,112.963842310615
"2490",172,173.78603817048
"2491",77,81.5266299493361
"2492",208,218.678728535942
"2493",290,276.416570635947
"2494",61,62.8449379038286
"2495",172,207.649214891249
"2496",91,95.397352506411
"2497",161,157.938473549233
"2498",6,6.41434865490014
"2499",186,188.809455368252
"2500",18,22.2447362719163
"2501",76,79.3036072200301
"2502",140,144.454721801209
"2503",62,55.5081332767955
"2504",32,36.8276457104839
"2505",99,98.9691136504444
"2506",1,4.47635029463607
"2507",35,31.9755767099366
"2508",132,159.514698444408
"2509",220,207.325898657314
"2510",113,110.07907489705
"2511",2,2.11596423216657
"2512",50,53.8818978095582
"2513",11,12.5384893540783
"2514",126,133.812770739704
"2515",165,194.975520570231
"2516",144,138.766330639749
"2517",34,36.3780778346644
"2518",40,42.2856907688442
"2519",16,16.3408616494369
"2520",184,186.261075762239
"2521",0,11.6164222187028
"2522",9,17.2524197987971
"2523",13,12.8922872148577
"2524",188,211.818944554441
"2525",89,103.378910165651
"2526",27,26.6050621137999
"2527",66,61.0316024002066
"2528",63,66.4349271276925
"2529",190,200.390835023677
"2530",83,91.2757428512885
"2531",72,76.7257932405385
"2532",38,36.5677024653202
"2533",173,187.908251417799
"2534",191,199.444491904252
"2535",29,27.8762717468441
"2536",14,13.9481689912776
"2537",59,59.4196843031186
"2538",273,262.106378083769
"2539",183,206.942703630489
"2540",165,164.334024364695
"2541",191,186.98750890551
"2542",88,126.714075032849
"2543",90,89.5083664103578
"2544",102,97.9318531539122
"2545",71,74.5823675038696
"2546",7,5.28924339819796
"2547",64,62.5634536000333
"2548",3,8.06194410539703
"2549",45,43.7988055138734
"2550",0,3.14013030544855
"2551",7,8.97100479484369
"2552",22,24.972775406145
"2553",61,67.658695492593
"2554",113,118.278862034273
"2555",181,177.991757064168
"2556",32,29.3901616408166
"2557",107,105.999587251004
"2558",111,116.734177778317
"2559",64,57.965619470594
"2560",133,173.341163779222
"2561",68,73.7112993429517
"2562",88,93.8245482576893
"2563",78,83.6340013165275
"2564",42,41.8609978894448
"2565",210,237.001282753101
"2566",113,117.681266251857
"2567",161,167.462050552632
"2568",194,192.372617536923
"2569",59,68.3463013831006
"2570",149,159.543280538853
"2571",121,127.337134840444
"2572",117,110.55867354654
"2573",109,111.705544788145
"2574",168,176.710892939195
"2575",279,291.846673913391
"2576",261,240.647138741086
"2577",41,42.9750825717089
"2578",58,63.4548480674715
"2579",2,3.04865341831173
"2580",232,231.859539597962
"2581",206,209.748962396122
"2582",49,39.2035511367992
"2583",40,45.931956862735
"2584",110,99.9433047600079
"2585",130,132.070749190877
"2586",248,240.24566352225
"2587",10,11.0882886564502
"2588",10,14.4873261226468
"2589",70,68.558700915722
"2590",149,161.112931449627
"2591",18,11.8947818000939
"2592",2,7.0495612110083
"2593",34,36.4455875683875
"2594",35,36.0886087019719
"2595",108,106.692496725795
"2596",184,189.033614615051
"2597",25,24.0559600080013
"2598",174,185.109912697362
"2599",81,78.0930238921064
"2600",79,76.3266764236489
"2601",75,83.685072420402
"2602",5,6.33774258628313
"2603",210,233.90555152711
"2604",130,149.177318700112
"2605",12,12.5146542981842
"2606",120,122.842286392721
"2607",190,208.233735299892
"2608",54,57.7707133353618
"2609",175,182.599521642873
"2610",195,215.635984286741
"2611",148,151.536851433526
"2612",86,86.1406147253038
"2613",118,136.060787363592
"2614",187,193.708068725703
"2615",112,137.26006190351
"2616",63,61.0326542221853
"2617",145,153.944517470696
"2618",84,83.1547496968691
"2619",62,61.414008775195
"2620",107,124.926215500333
"2621",148,153.841065378391
"2622",107,105.690055605197
"2623",2,1.88900749336882
"2624",68,71.0898767440276
"2625",106,107.687250011309
"2626",240,238.109733408522
"2627",97,97.7377458487042
"2628",114,117.733090800183
"2629",40,37.8683067412785
"2630",96,108.54618778445
"2631",52,54.2959869335543
"2632",136,150.918027276028
"2633",150,160.508717162135
"2634",141,143.582978880215
"2635",53,53.4308551607757
"2636",256,271.533551392995
"2637",66,65.2981982644994
"2638",206,213.52483048047
"2639",91,87.1914031687893
"2640",187,179.767401791958
"2641",0,1.67986000574521
"2642",121,123.33614008312
"2643",0,2.915166754413
"2644",285,283.204107035161
"2645",143,158.365460690993
"2646",105,113.699975309257
"2647",84,86.2895240668169
"2648",110,115.147860411086
"2649",96,102.252442281328
"2650",48,49.9051112276557
"2651",184,199.220067786835
"2652",73,76.8206823571963
"2653",214,204.046435340043
"2654",33,36.8321808008067
"2655",135,139.303649339673
"2656",29,30.2767646945755
"2657",85,86.3800477180154
"2658",154,167.102357823917
"2659",54,51.5904453464623
"2660",139,137.821512600158
"2661",146,170.381481119464
"2662",3,4.95052616279399
"2663",168,165.139620818908
"2664",19,18.0867468158603
"2665",85,92.6542144586285
"2666",136,139.724315422284
"2667",327,334.521279269252
"2668",39,41.2834821537834
"2669",19,21.3355305357103
"2670",289,307.025264211866
"2671",9,10.1130549398558
"2672",90,97.9300048942261
"2673",184,198.962775276191
"2674",196,205.673100017231
"2675",30,24.7662538517014
"2676",83,88.5824566402454
"2677",123,127.482114559962
"2678",102,96.3152302925511
"2679",188,190.400148690997
"2680",7,7.17427185338988
"2681",22,21.7123027059972
"2682",183,193.994772799896
"2683",70,84.1098278593524
"2684",80,91.6292529403992
"2685",49,47.3692749372159
"2686",134,142.137544593124
"2687",94,106.556509642942
"2688",115,123.322245062642
"2689",177,180.691817824193
"2690",20,19.5807770248305
"2691",30,34.9163284687329
"2692",145,155.258476569786
"2693",49,50.7859528607334
"2694",58,58.3118868226725
"2695",11,9.91616448934093
"2696",192,208.282385573742
"2697",151,165.661895691747
"2698",53,53.1563162714519
"2699",159,152.989414547728
"2700",54,67.247110534222
"2701",21,24.2293551963783
"2702",91,95.3908616045649
"2703",10,9.28175572131497
"2704",95,99.5682806544314
"2705",25,29.1419308992629
"2706",64,61.759108152111
"2707",62,68.476646317455
"2708",16,16.2210934393428
"2709",251,226.319141221173
"2710",157,161.166447881558
"2711",52,62.5832582554578
"2712",244,252.090570751904
"2713",13,9.92711693131789
"2714",160,173.538091910945
"2715",0,1.60129076480611
"2716",210,214.143809414901
"2717",19,20.5234717345752
"2718",101,105.379221994788
"2719",7,5.29114968942768
"2720",177,173.839887857574
"2721",2,-0.463640595766373
"2722",114,104.113434335342
"2723",107,104.850733770119
"2724",74,69.4148144413034
"2725",145,166.394672305851
"2726",174,180.994471917088
"2727",149,150.512619466111
"2728",92,78.7694713736548
"2729",0,-6.45625361372614
"2730",186,194.058033223105
"2731",139,158.360686818378
"2732",81,78.5536376032156
"2733",54,52.8966547916422
"2734",217,207.305545258122
"2735",141,152.64954061849
"2736",56,69.427487288295
"2737",19,21.6684406580845
"2738",55,66.7181185840957
"2739",163,144.701514269946
"2740",54,56.3638084688361
"2741",123,138.797472680584
"2742",70,79.2549502833423
"2743",113,108.569398236262
"2744",322,312.956952067479
"2745",60,60.7239485670038
"2746",85,91.186751327502
"2747",184,185.350005805682
"2748",45,54.2742815839087
"2749",153,158.108499414377
"2750",3,3.54129073020331
"2751",240,241.434874283107
"2752",9,8.22217409776302
"2753",15,16.6900825734205
"2754",174,171.909249165402
"2755",61,54.134187611628
"2756",15,12.7145778944157
"2757",34,31.2529442402968
"2758",24,22.5624535313166
"2759",100,112.874246453337
"2760",32,30.3859967149988
"2761",15,19.8577774013508
"2762",2,4.41374847434624
"2763",11,9.60424123988041
"2764",59,56.3826511124206
"2765",153,180.63919078932
"2766",171,187.833580368242
"2767",34,30.3815380572002
"2768",25,25.5882334578997
"2769",40,40.6448174258055
"2770",103,112.089205490903
"2771",226,243.103541309557
"2772",128,130.601269857554
"2773",145,148.102740601447
"2774",268,268.260518311528
"2775",173,164.583078166369
"2776",1,0.545897229864881
"2777",94,97.3923298594878
"2778",5,6.17869362909242
"2779",70,73.6760583690366
"2780",96,93.5849221214138
"2781",102,102.327583032124
"2782",78,94.4367017771619
"2783",66,75.7048972846323
"2784",114,111.876970496391
"2785",85,91.7384078937693
"2786",172,216.080011075833
"2787",80,85.1069536819793
"2788",44,42.744089887318
"2789",71,80.4110112536384
"2790",181,183.436853944925
"2791",248,247.495450169339
"2792",114,109.553851306305
"2793",226,226.708783415068
"2794",15,14.6071373089697
"2795",120,128.7961035787
"2796",57,61.9721740907151
"2797",104,110.057342136504
"2798",9,10.9893217454614
"2799",7,8.9580207916511
"2800",151,160.020038284604
"2801",253,274.918426980557
"2802",78,79.155519031129
"2803",171,177.123918210127
"2804",33,38.7055439367472
"2805",142,146.122435551248
"2806",2,0.447955961160987
"2807",17,18.014213610712
"2808",15,17.4962506947245
"2809",61,60.1891259348326
"2810",238,215.97063594676
"2811",12,13.4366665411969
"2812",214,238.070409056502
"2813",158,150.15515477201
"2814",107,116.751404949281
"2815",229,225.40379094772
"2816",38,40.0518711360485
"2817",53,62.132591650283
"2818",167,182.440228561572
"2819",280,292.404083345876
"2820",18,16.1674971171583
"2821",88,92.2863635558703
"2822",178,174.122048592799
"2823",0,3.90075702828949
"2824",129,149.435851435165
"2825",56,62.3856404611085
"2826",102,106.807618749002
"2827",22,22.0177030338327
"2828",36,38.1963309261383
"2829",102,108.104608338321
"2830",15,15.2070670510908
"2831",133,156.621238525364
"2832",127,137.971680603355
"2833",161,163.763227123854
"2834",135,139.242263657565
"2835",77,90.5112334714579
"2836",132,165.771183317763
"2837",138,136.909611155072
"2838",345,332.499931817158
"2839",74,87.1521000855861
"2840",13,9.78231315033217
"2841",4,3.66755632613226
"2842",172,181.598533580296
"2843",6,2.61837772487324
"2844",4,6.06537690406961
"2845",26,22.689600854495
"2846",76,79.2129197021234
"2847",149,147.912336766008
"2848",124,130.559083207607
"2849",41,41.605938176414
"2850",153,148.763305786015
"2851",156,162.396842387244
"2852",195,208.712264828918
"2853",45,44.9520089610645
"2854",56,60.7616082643203
"2855",5,9.85793656747166
"2856",37,42.0293743147732
"2857",36,39.486196666033
"2858",177,193.394094519081
"2859",41,37.7017120222711
"2860",31,29.3017610700673
"2861",300,315.427006702191
"2862",17,19.436065867853
"2863",18,17.2108367104874
"2864",276,269.916520504269
"2865",133,149.186996410519
"2866",49,54.607219311646
"2867",87,90.2643328736358
"2868",77,80.2777109357344
"2869",272,287.468959415774
"2870",4,3.02567365051864
"2871",49,54.5176992167313
"2872",149,164.717108788996
"2873",103,112.640663431888
"2874",15,28.357421819032
"2875",0,-3.06032002925984
"2876",34,34.7071561224522
"2877",90,96.1649638640115
"2878",92,94.8742744596092
"2879",67,70.1315235611455
"2880",120,144.647160880329
"2881",1,2.10053108029484
"2882",64,74.1074832681747
"2883",85,92.0660682914467
"2884",167,211.158722673897
"2885",72,76.8879859976404
"2886",169,172.21204063852
"2887",52,50.3525267867891
"2888",153,179.151956457635
"2889",89,104.751258845691
"2890",75,74.1011530003989
"2891",58,64.1389858608108
"2892",73,79.3334557584804
"2893",182,191.282208750352
"2894",237,280.562873641984
"2895",202,227.855528395718
"2896",23,24.7407190692894
"2897",7,7.15831309554401
"2898",20,18.6812956543194
"2899",33,32.6201602721597
"2900",51,50.8863814837986
"2901",136,150.650775963315
"2902",153,154.504509020421
"2903",208,208.994023737619
"2904",24,22.0591665053511
"2905",234,237.023705423316
"2906",43,54.5656679043881
"2907",3,3.95887928203225
"2908",104,85.6971591704319
"2909",197,217.62919719703
"2910",53,59.6614922213988
"2911",3,-0.753557973243678
"2912",155,148.361804837179
"2913",8,11.997279430226
"2914",64,66.7348646652254
"2915",0,0.592890433376591
"2916",157,161.372956488319
"2917",51,54.0405455632794
"2918",22,26.1391099553329
"2919",63,62.9766524084355
"2920",102,100.638021870832
"2921",57,57.5214780559459
"2922",154,172.688484285544
"2923",6,10.7103815800679
"2924",10,7.96134876654066
"2925",149,190.073125644316
"2926",1,4.84337248549981
"2927",36,32.6673300055109
"2928",21,19.6831343882502
"2929",46,40.1745732866245
"2930",63,63.8702775313504
"2931",10,16.4726400825789
"2932",6,3.27105558988695
"2933",299,302.534004021704
"2934",228,250.291775238308
"2935",56,57.9306920736121
"2936",48,52.2069501193478
"2937",70,85.6276085827398
"2938",191,212.702616026832
"2939",108,118.14413706124
"2940",105,106.492312314859
"2941",132,149.198826877474
"2942",211,236.74875197085
"2943",152,155.727558946216
"2944",32,32.1229018489374
"2945",120,144.161088913186
"2946",135,143.557571117934
"2947",1,0.19023205801757
"2948",21,20.2107397628593
"2949",255,246.914496341193
"2950",186,198.513718049657
"2951",63,62.5779171355683
"2952",105,97.068699828766
"2953",104,102.431184371588
"2954",79,104.173761999733
"2955",104,118.992503027672
"2956",82,94.7592392810639
"2957",85,102.031073840248
"2958",217,227.56285013479
"2959",89,86.3290382344055
"2960",243,254.88063618354
"2961",123,125.948223341507
"2962",93,102.384809271427
"2963",20,21.1008079577431
"2964",61,62.1415989372905
"2965",49,48.5998954649745
"2966",3,0.346573775007406
"2967",10,15.3235201306244
"2968",60,62.8299370209389
"2969",74,83.004303937142
"2970",126,140.922774447801
"2971",105,128.532847327309
"2972",95,102.047201303919
"2973",42,38.1528455582047
"2974",110,113.875197213542
"2975",2,6.81266545572729
"2976",144,160.968736347604
"2977",56,66.4882564858405
"2978",84,85.3953570277663
"2979",68,77.6120843729029
"2980",61,70.2428895608502
"2981",160,182.543713518721
"2982",0,0.96762060118318
"2983",21,19.3145347837752
"2984",26,31.8836361000693
"2985",126,135.041691394495
"2986",30,31.1179310884905
"2987",135,148.974385404084
"2988",19,23.339404817946
"2989",19,17.9921699225412
"2990",140,151.260839967501
"2991",29,26.8994633046494
"2992",54,50.6507808189626
"2993",130,151.316133754267
"2994",164,163.946203274031
"2995",97,96.6919493554979
"2996",101,102.557024712259
"2997",8,13.0243387012567
"2998",117,130.980447399787
"2999",289,298.391807527968
"3000",5,6.69062796594881
"3001",343,335.352784358829
"3002",16,17.3915102282403
"3003",61,61.8836088114323
"3004",143,152.227506961067
"3005",134,145.34571498054
"3006",24,24.4237799033509
"3007",189,218.74782451657
"3008",89,93.5714702355921
"3009",139,174.680089937134
"3010",112,101.799777879207
"3011",167,167.502884088763
"3012",78,93.6706624616948
"3013",5,7.46154782811693
"3014",31,32.5667858975722
"3015",81,86.5983863594316
"3016",63,63.193164252014
"3017",78,87.1984684388389
"3018",167,186.030871320899
"3019",139,161.698989242029
"3020",48,53.1112598718792
"3021",0,-0.196974867326264
"3022",77,83.9597674323521
"3023",33,39.6533495008253
"3024",26,28.8123101839768
"3025",16,11.6421196310904
"3026",187,214.71501539984
"3027",75,90.432100446493
"3028",15,15.5762800610763
"3029",39,41.8672171347615
"3030",175,181.217308689967
"3031",70,64.8292564162271
"3032",8,10.8068190404154
"3033",3,4.65910846461617
"3034",39,38.7108270520147
"3035",106,108.543798613531
"3036",138,148.72472170905
"3037",73,88.686517673952
"3038",50,59.5772261453398
"3039",50,58.6004337280032
"3040",215,205.442728212146
"3041",28,28.4542760689351
"3042",214,216.337057023296
"3043",280,301.124480778804
"3044",54,49.9433224548575
"3045",145,171.878927870597
"3046",139,148.632700870474
"3047",122,124.416234080333
"3048",63,61.2137059325788
"3049",1,0.419197586691618
"3050",94,93.6928110239622
"3051",173,179.52544092924
"3052",5,5.95282750248878
"3053",77,79.5569415050411
"3054",128,125.305758570821
"3055",88,79.7474207728696
"3056",34,37.1868093581701
"3057",108,100.584119640737
"3058",168,181.745903221887
"3059",213,233.924084280322
"3060",168,189.048346143008
"3061",13,13.8871476682078
"3062",85,85.8260230403317
"3063",4,5.76535967033187
"3064",159,159.877418956858
"3065",54,52.5656260515922
"3066",140,147.122211837471
"3067",144,157.6893072369
"3068",203,175.433815123393
"3069",153,161.337915911566
"3070",50,49.0665890681585
"3071",12,8.76749886028642
"3072",143,158.660589327552
"3073",61,49.1638955675564
"3074",73,83.6347057158946
"3075",4,6.93846413949519
"3076",12,14.6346719346484
"3077",201,187.614979026872
"3078",70,70.1453724248221
"3079",190,199.537295336608
"3080",304,313.150741931616
"3081",75,82.4371226992845
"3082",19,18.0362732779072
"3083",223,216.476147438073
"3084",2,-0.241216030530317
"3085",162,187.40791933501
"3086",213,206.97795032393
"3087",129,141.989458149133
"3088",49,44.7694167065633
"3089",144,128.245656279037
"3090",8,13.5429294874425
"3091",101,101.448512230066
"3092",35,36.97442865263
"3093",88,93.0987064271971
"3094",29,28.5423938033815
"3095",107,120.506349988665
"3096",207,223.366016236061
"3097",12,12.181263330506
"3098",38,37.6856654921336
"3099",40,37.634867537246
"3100",160,189.386706337584
"3101",26,22.2098961281962
"3102",22,22.1337446316101
"3103",116,111.148743524579
"3104",164,166.287951492498
"3105",135,131.012364271525
"3106",101,106.383846200989
"3107",209,206.323755105555
"3108",160,138.965994641161
"3109",127,119.768667683297
"3110",16,24.9896169983729
"3111",88,94.436358257636
"3112",116,112.159336921456
"3113",33,33.7630791835376
"3114",14,17.7711893902972
"3115",101,86.9260441594727
"3116",59,67.5781392335144
"3117",104,107.651268947242
"3118",109,94.1158467885634
"3119",25,26.3201166156273
"3120",65,61.8966372399529
"3121",170,200.037429054312
"3122",58,64.6897800898052
"3123",108,103.289779896577
"3124",123,132.197233890429
"3125",135,130.127804422287
"3126",267,267.186162249477
"3127",91,81.4939289528535
"3128",18,19.3078821060521
"3129",126,152.464008367147
"3130",7,5.33701685828414
"3131",154,168.268052981725
"3132",44,44.913462679891
"3133",113,99.8091161519664
"3134",42,38.811373588772
"3135",11,8.67480467239207
"3136",152,155.733820603852
"3137",236,261.547006144663
"3138",177,181.93407018487
"3139",31,34.5864031064188
"3140",172,164.684552082405
"3141",26,31.3411033655532
"3142",131,142.976962488341
"3143",47,44.6335355819178
"3144",130,139.004454121747
"3145",107,105.47477620614
"3146",172,171.408316375628
"3147",29,29.134646036523
"3148",181,209.251317151946
"3149",43,52.736388301838
"3150",287,254.895716429997
"3151",22,19.4293672340951
"3152",87,90.1363948778607
"3153",19,16.8079247049512
"3154",175,176.415011977387
"3155",223,229.802824478007
"3156",109,124.211567344232
"3157",49,46.5860012366324
"3158",2,2.81610028391138
"3159",167,186.540363298872
"3160",123,142.128600313407
"3161",67,65.7776496412506
"3162",177,172.175481940235
"3163",4,8.44040743518983
"3164",86,85.5660950765045
"3165",50,54.8845533710675
"3166",120,127.514440172356
"3167",94,105.405442263921
"3168",148,149.194212142232
"3169",74,80.3637008509066
"3170",22,25.2339600123594
"3171",67,77.1496846695464
"3172",103,108.925380577404
"3173",91,104.844395388495
"3174",95,110.423801194462
"3175",190,158.94995629533
"3176",158,167.86888075551
"3177",56,69.3732277658646
"3178",14,19.2919376398353
"3179",40,36.0987715462327
"3180",133,123.940814942891
"3181",17,17.4667902638835
"3182",39,39.7902130203966
"3183",111,130.615250537855
"3184",169,171.486677366911
"3185",77,86.8998440059079
"3186",86,90.1409532728037
"3187",37,40.3316517556265
"3188",119,125.75499705472
"3189",156,148.398333340307
"3190",118,116.377067783484
"3191",6,24.3231623720544
"3192",127,141.092463033212
"3193",83,84.5444059455595
"3194",258,239.949629022147
"3195",58,56.7038505721625
"3196",54,57.1019648328802
"3197",29,28.3409342590188
"3198",195,202.355646415662
"3199",139,146.165389273241
"3200",99,101.87135823592
"3201",2,2.64358757138227
"3202",146,148.261463780753
"3203",269,260.564908252009
"3204",122,117.811886201513
"3205",152,148.122809763882
"3206",82,81.8808002282438
"3207",57,56.4030548591781
"3208",252,237.564582406984
"3209",161,206.566642114735
"3210",93,91.5498376832117
"3211",211,189.90468221198
"3212",73,78.4695007303238
"3213",107,113.123279946965
"3214",18,19.1422448611228
"3215",53,54.804056128264
"3216",57,56.6666527463352
"3217",136,139.943941538724
"3218",0,-5.01117020658227
"3219",130,140.008958552736
"3220",182,217.417456230312
"3221",94,92.4844520552635
"3222",19,21.1917278574195
"3223",30,32.7804475500107
"3224",90,89.5870516805392
"3225",59,57.1960514630962
"3226",127,131.922034338312
"3227",125,118.929683912765
"3228",73,77.4860615901844
"3229",119,115.13182351876
"3230",172,174.48193804703
"3231",325,362.907306255232
"3232",249,246.811001435484
"3233",24,21.8953159820224
"3234",9,6.63017022071236
"3235",10,12.9463220484338
"3236",69,65.7848467761004
"3237",54,59.5223329355449
"3238",111,113.026924052018
"3239",144,156.036876172073
"3240",223,209.85863438571
"3241",93,100.402175466737
"3242",65,53.1581895983282
"3243",141,144.9752410379
"3244",19,23.3610248965249
"3245",108,102.938451461815
"3246",189,182.440010097719
"3247",26,25.3129145121052
"3248",17,18.6799846516589
"3249",101,94.9846084154131
"3250",93,91.9587909790517
"3251",52,77.5118648470776
"3252",49,50.5602780442697
"3253",86,86.8301988600965
"3254",4,5.11853788502972
"3255",7,5.11975585913219
"3256",4,2.4781842634051
"3257",156,172.983898404369
"3258",5,3.69833902872752
"3259",8,5.02024306449471
"3260",0,4.59524416682195
"3261",33,33.4593578321274
"3262",155,177.599675657119
"3263",30,37.9285338023042
"3264",27,34.8308239593548
"3265",23,24.1994840737077
"3266",2,1.92962269488687
"3267",103,99.405279599076
"3268",49,56.8000766498835
"3269",103,112.513967878596
"3270",0,-0.666976437804345
"3271",241,239.955667857779
"3272",243,266.702683869011
"3273",62,71.0458964198053
"3274",14,11.4685348481861
"3275",154,155.573445427463
"3276",39,44.7314271037561
"3277",64,61.0465091188877
"3278",119,106.419838269919
"3279",210,206.080995425327
"3280",119,119.587711486084
"3281",2,0.6548315096903
"3282",57,62.7839610875035
"3283",77,77.921275801507
"3284",131,132.48506649788
"3285",81,79.8886049409128
"3286",244,244.018155537139
"3287",198,198.540146808047
"3288",135,127.727443783277
"3289",184,186.324562235611
"3290",59,59.5838046475973
"3291",73,105.410927550196
"3292",41,45.6022840244854
"3293",4,7.80271201398171
"3294",104,112.80147653689
"3295",210,222.361987196259
"3296",68,67.8706924683525
"3297",251,292.266112619027
"3298",161,156.118191624088
"3299",156,178.509982702818
"3300",10,10.7728232072555
"3301",51,39.977175585014
"3302",11,11.3105034041918
"3303",1,-3.14386376645694
"3304",0,-1.91995611651802
"3305",120,122.4126942772
"3306",171,178.307222138714
"3307",50,55.7724831070722
"3308",155,169.14895140542
"3309",57,53.1620936933448
"3310",108,98.5735822755435
"3311",161,168.160356157697
"3312",43,48.6000752595384
"3313",91,91.8937896804413
"3314",118,122.044571809395
"3315",22,29.2465222266977
"3316",157,178.870077321509
"3317",76,79.3307970391976
"3318",48,49.5776038489669
"3319",184,190.928872703903
"3320",36,39.5011609226029
"3321",107,126.123567435596
"3322",30,30.7275436111616
"3323",58,60.9281766652511
"3324",156,173.969489279562
"3325",262,277.904747268037
"3326",24,23.7271327005932
"3327",57,69.3552340088268
"3328",172,172.688872389142
"3329",80,86.8662669335413
"3330",234,235.023387294907
"3331",273,264.348837053274
"3332",21,24.3861987565681
"3333",6,2.62277167711065
"3334",109,116.597384769807
"3335",113,124.023492927188
"3336",35,31.177312150407
"3337",228,249.555592915963
"3338",63,56.3829657163961
"3339",145,161.416209638105
"3340",21,20.6380091976136
"3341",50,46.0844037848486
"3342",12,14.6445315512066
"3343",68,70.172322397855
"3344",47,45.5207868190343
"3345",12,12.1549157457749
"3346",10,9.87337761974336
"3347",71,82.8689335572862
"3348",43,49.3723463233081
"3349",148,152.221349718867
"3350",48,56.7218066851533
"3351",137,157.948080671398
"3352",136,136.935338293808
"3353",25,24.5692021514054
"3354",13,15.2070767403517
"3355",22,24.4340426984617
"3356",6,6.50979184309217
"3357",69,73.5530220144938
"3358",83,99.0219787790197
"3359",11,10.1849942639604
"3360",17,19.2841801507243
"3361",9,10.3640925886661
"3362",4,1.32146750968783
"3363",141,145.508799784023
"3364",131,125.173680676425
"3365",9,6.08762927779757
"3366",9,6.24825766948814
"3367",173,169.875799918913
"3368",4,1.21096993324338
"3369",52,56.5778017139706
"3370",21,24.2120438565117
"3371",47,49.8013487025383
"3372",49,57.1056776947633
"3373",218,203.935657953439
"3374",212,188.443670949074
"3375",189,211.08808468848
"3376",119,129.655356661133
"3377",104,102.963538561888
"3378",145,142.95902769395
"3379",68,76.676002367639
"3380",63,65.2298306717829
"3381",138,136.533476703686
"3382",5,8.75818738942295
"3383",25,28.2931838934395
"3384",104,99.3275146216397
"3385",4,4.5768315761153
"3386",82,85.3479177686958
"3387",76,81.8373744759089
"3388",39,46.3661663223413
"3389",186,205.622730519271
"3390",48,47.8669947738621
"3391",155,164.31382483118
"3392",2,10.7199489045755
"3393",37,32.5912631156212
"3394",4,3.91207943320253
