"","TRB.","predict(model4)"
"1",16.8,17.2782109316116
"2",18.9,20.3262086167932
"3",10.7,11.9047898628374
"4",5.3,5.97846587810715
"5",6.2,6.10017719673572
"6",11.5,11.883974037788
"7",3.8,4.27191030626428
"8",11.5,13.8324354653097
"9",5.5,7.0942511647631
"10",14.9,15.7794010226766
"11",7.1,7.22303104515452
"12",3.8,3.9985897250171
"13",6.9,7.51640773486594
"14",6.2,5.97661450356313
"15",10.9,11.3219853537493
"16",8.6,10.0328058504661
"17",16.5,17.4139316741111
"18",5.7,4.31843768018835
"19",13.6,13.8166246856383
"20",13.2,14.1002483343788
"21",22.6,21.8121240149582
"22",11.6,12.222958206639
"23",16.3,16.8888674223396
"24",5.2,5.91637353162724
"25",17.7,19.9123984379049
"26",5.6,6.08565724885676
"27",6.5,6.98440332829782
"28",18.4,19.5385138693936
"29",9.5,10.6222931259105
"30",8.7,9.20113337925945
"31",12.8,14.8622221554736
"32",15.3,15.6325328969831
"33",5.4,4.84682318741195
"34",8.7,9.18571058072279
"35",5.3,5.33748511349819
"36",7.6,7.79904511600942
"37",13.8,14.7567150074189
"38",17,18.871599386783
"39",7.2,6.86926329371209
"40",19.8,20.3393755154626
"41",13.7,14.434772205894
"42",18,17.1297795904458
"43",10.5,10.4483117779355
"44",13.2,14.9407772311012
"45",5.3,5.74053017609802
"46",14.2,14.7746092998359
"47",14.2,15.3673362443204
"48",12.6,14.1473867762085
"49",8.8,9.11658235693406
"50",15.5,15.2301952557508
"51",3.5,3.9649130085939
"52",9.9,11.1289845479411
"53",15.3,16.9099843135442
"54",12.4,10.6809225840309
"55",8,8.9724357169267
"56",15.6,14.4512753084538
"57",12,13.3225208350872
"58",3.1,4.47410018458807
"59",6.1,8.44394787866322
"60",7.5,7.62813526831915
"61",17.4,18.4437175250648
"62",7.2,6.47941888495066
"63",13.2,13.2578961782806
"64",5.7,6.74811753196968
"65",7.3,7.70751529199066
"66",12.2,13.209620691455
"67",4.1,4.5573568063449
"68",6.6,6.65814560090294
"69",13.7,14.2667397681816
"70",16.1,16.3832778342197
"71",5.3,5.53555825376821
"72",12.6,14.0142420656254
"73",3.4,3.90466056106425
"74",12.2,14.0253236928042
"75",11,12.1312044520531
"76",4.8,4.49614584761124
"77",5.4,5.26170595308456
"78",8.6,10.1405880125101
"79",11.1,10.1219619353555
"80",16.4,15.2870101482419
"81",15.6,16.6234333930923
"82",4.7,5.04235374127899
"83",14.6,14.6503237363947
"84",19,17.4952889851684
"85",10.9,12.2567838072753
"86",12.7,12.6832903853268
"87",13.5,9.38979712010564
"88",15.7,17.4311418599216
"89",12.8,13.5012102951588
"90",12.4,13.1343074222058
"91",5.6,4.77759653496382
"92",12.4,13.3907773695132
"93",11,11.8873603941089
"94",12.7,14.9283426507269
"95",14.4,15.9277002784074
"96",14.1,14.8909765901389
"97",14.9,16.4905348465302
"98",19.6,20.9488365725705
"99",9.5,8.92819618991542
"100",16.6,12.0796451356908
"101",4.1,4.95410658493035
"102",3,2.63707458373837
"103",13.7,14.8686280990062
"104",7.5,8.82467080879482
"105",16.1,17.1548579738844
"106",5,4.81964285712163
"107",11,12.3918953185803
"108",9.3,9.56761054247176
"109",3.8,4.81862330240001
"110",12.4,14.113907437897
"111",15.5,16.5756584859617
"112",15.9,16.8751197147883
"113",5.7,4.87366918794026
"114",18,19.3218134021476
"115",5.4,5.87607460925296
"116",6.6,7.43605816152867
"117",4.3,4.74510514089522
"118",9.4,9.22129148225578
"119",17.1,19.6424745434685
"120",7.3,6.19376484124406
"121",11.5,12.8707990513348
"122",4.6,4.38908699851156
"123",7.7,8.97146184446743
"124",5.2,5.22536452975253
"125",15.6,14.7572724193236
"126",9.7,10.6020329874062
"127",4,4.48118416312617
"128",3.7,3.90816677660571
"129",5.9,6.06956545803183
"130",12.1,12.9697813574708
"131",8.5,9.53301912885841
"132",12.2,13.2844090646963
"133",12.5,13.0078355016047
"134",4.8,5.58871580035987
"135",10.8,12.0169882185738
"136",3.3,3.75290866302409
"137",17.6,18.062559550329
"138",9.9,10.5093979865035
"139",8.8,9.18660437177917
"140",5.2,5.62065609210992
"141",5.3,6.29629748512427
"142",13.6,15.0095975118751
"143",10.8,11.5158330913992
"144",6.7,7.36022215332784
"145",8.7,9.68396454267299
"146",11.9,12.2193136855279
"147",13.1,12.4292183813295
"148",4,3.82636822861547
"149",10.1,11.6128525637554
"150",5.3,6.396389008524
"151",9.7,9.86599321329872
"152",13.3,13.3958452412168
"153",16,16.8915012434684
"154",13.9,11.4607474559652
"155",4.8,4.67269569415288
"156",5.8,6.56876434231924
"157",15,15.6903174069757
"158",6.9,6.38558865179782
"159",4.7,5.67979729516097
"160",12.6,13.4319701229694
"161",14.8,17.7648594740025
"162",8.3,9.00347415438452
"163",6.1,6.45875957397285
"164",15,16.6683935820332
"165",5.4,5.68457414308579
"166",15.8,16.5769790284951
"167",7.7,8.52703653769729
"168",10.6,11.7613292385938
"169",4.3,4.84021583619094
"170",8.9,9.03289954496696
"171",14.6,14.7559500452863
"172",11.5,12.3775571011117
"173",4.2,4.30200484170397
"174",12.1,12.5568791221508
"175",10.3,10.6655496681773
"176",22,19.0576535004313
"177",0,1.77385433874307
"178",14.1,12.2754329560098
"179",7.2,6.58276504848946
"180",9.7,9.53026882989965
"181",6.2,6.55164304688946
"182",14.8,15.7155013401208
"183",15.7,16.4747085846988
"184",10.7,11.5728962124184
"185",11.1,12.1163550872152
"186",11.7,13.2142812642398
"187",9.2,10.8986926665618
"188",19,20.8302525283065
"189",3.6,3.66350931383309
"190",4.6,3.92186282038203
"191",7.1,5.92818700699469
"192",7.9,10.1132093582673
"193",15.2,16.6100115120498
"194",9.5,10.028339176191
"195",3.6,3.929622899585
"196",15.9,16.531019560422
"197",6.4,7.03578941804171
"198",6.2,5.7382722863216
"199",13.4,14.5985211666266
"200",3.8,4.68751656497119
"201",4,4.15846750050162
"202",14.2,15.3288798492174
"203",5,5.46511452735966
"204",6.4,6.61694196973097
"205",6.9,7.64230747668568
"206",5.8,6.80995884333398
"207",5.5,5.19911475366147
"208",7.7,9.23266665772723
"209",5.2,5.14622203870173
"210",0,5.93402409188163
"211",3.8,4.22852638915563
"212",9.7,9.59148707598356
"213",14.7,16.0156284018114
"214",5.5,6.09436324604168
"215",13.5,10.0909095215461
"216",5.3,6.22952878054303
"217",5.5,6.05989720558164
"218",17.5,17.5677095133559
"219",18.1,18.7075866815966
"220",11.8,11.4820423790102
"221",4.4,5.18366050485446
"222",5.3,5.16287864604742
"223",12.1,10.2973201351105
"224",3.4,3.71229140862662
"225",14.1,14.8462867236695
"226",3.3,4.25089624697591
"227",5.1,5.64416198298095
"228",16.2,14.0007985946939
"229",10.6,11.8281287832276
"230",5.5,5.91243255451915
"231",16.1,15.6678909779653
"232",4.6,5.38326086750543
"233",13,12.8942926726465
"234",21.1,21.0644039678254
"235",4.4,4.67859445233804
"236",17.5,18.6008339871567
"237",4.9,5.29997393572706
"238",5,5.92744823242615
"239",4.7,4.87574048316622
"240",6.7,7.07561997223248
"241",5,9.16127210611531
"242",20.1,20.4888846529983
"243",8.8,9.8619991243321
"244",7.9,8.3506840385031
"245",5.1,5.57535852719979
"246",18.2,17.5421329731235
"247",3.8,3.82763262006582
"248",8.6,8.8829561480754
"249",9.5,10.2468976712473
"250",4.3,5.59069034703409
"251",13.6,13.5738199567122
"252",17.2,18.4727642186768
"253",17,17.003194282925
"254",14.3,14.9764563502292
"255",15.3,16.0690613824895
"256",10,10.1110327821473
"257",3.9,3.85418646872096
"258",13.3,13.7482525911021
"259",5.5,5.05220781814248
"260",14.4,13.9882607560339
"261",10.7,10.5127776731978
"262",10.7,10.2974165315718
"263",7.8,8.03815259241471
"264",16.4,16.8141747095235
"265",8.3,8.30747266577066
"266",2.7,3.27537277897544
"267",11.9,12.8646584905104
"268",12.7,14.0650760928618
"269",6.6,6.55273009915857
"270",11,9.95388665325536
"271",15.6,15.4858669253816
"272",2.9,4.54600649541472
"273",7.3,7.67079749167006
"274",16.2,16.2882011170896
"275",8,7.97124470663163
"276",5.7,6.23562660521905
"277",8.4,8.95858460062076
"278",7,7.59527784948755
"279",17.7,15.3050179911479
"280",4.3,3.90243861598382
"281",14.5,15.3673435926204
"282",16.8,16.344739540432
"283",5.1,5.7704342083869
"284",11.7,12.9659717448463
"285",3.6,3.65334777491341
"286",16.8,18.2491710799989
"287",0,4.8518798330443
"288",6.3,6.41804360050794
"289",4.3,5.54280302711231
"290",5.3,5.28435334272533
"291",8.3,8.6072615519783
"292",10.8,10.0520375938299
"293",15.6,15.165800091005
"294",13.9,14.0288360113939
"295",4.3,4.95394823488563
"296",14,14.0014606197181
"297",14.7,16.733206681275
"298",14.6,14.5642787322707
"299",5.6,5.55022595952431
"300",10.1,11.0241367496635
"301",12.3,12.4867045503866
"302",6.2,5.61664258059177
"303",9.4,9.73455736886214
"304",13.3,13.4679495678723
"305",12.9,13.7332008629062
"306",12.6,12.2757861870859
"307",15.9,17.4303557989401
"308",10.1,11.4675529074108
"309",6.3,6.87832618705346
"310",3.6,4.81157522766224
"311",3.5,3.12137387007507
"312",11.9,12.390577122149
"313",15.5,15.5189801948496
"314",3.8,4.81817611430793
"315",11.3,11.6734461681935
"316",8.6,8.92384349306541
"317",3.9,4.83291257746582
"318",13,13.803425462082
"319",16.9,17.3519425455679
"320",17.4,18.8474824776926
"321",5,4.64637584085869
"322",4.2,4.95521876991022
"323",18.9,20.4898971754964
"324",4.7,5.30324948558439
"325",7.9,5.74591688169989
"326",12,12.5418753339738
"327",6.8,7.29180217459043
"328",16.9,17.2010770302591
"329",5.4,5.76782709509412
"330",8.5,9.78605325330613
"331",5.8,5.98837710308989
"332",10.5,11.1948663054677
"333",13.3,12.35438432888
"334",8.2,8.18698358844522
"335",3.3,2.26926776242515
"336",16.6,19.3158181797276
"337",4,4.33203828313814
"338",13.8,13.6834299964404
"339",10.5,10.4402618153044
"340",6.3,6.14971150897313
"341",13.8,13.4381342929421
"342",7.6,9.0394449735989
"343",12.6,13.4231024062462
"344",7.7,8.49090446903774
"345",5.1,5.29306292379804
"346",4,4.72153241359928
"347",10.5,12.4967185147915
"348",3.7,4.77053766617066
"349",15.9,16.2672507252032
"350",9.1,8.76529915048568
"351",11.5,13.2457517399071
"352",6.2,6.19620922228903
"353",4.6,4.71437639725634
"354",14.1,13.949166712396
"355",9.5,9.03650290306037
"356",9.9,10.3655949014161
"357",6.9,7.20188803844806
"358",11.8,12.5985505166016
"359",14.3,14.2300753312622
"360",14.8,13.168501630489
"361",14.8,14.7150951773316
"362",15.5,16.4048582269758
"363",2.9,4.23432675287717
"364",11.9,12.7099812038854
"365",10.7,12.1551235162257
"366",7.4,8.2136375819634
"367",11.9,13.1331198623027
"368",14.9,14.5769736990548
"369",22.1,21.1228046549737
"370",13,14.8219910835404
"371",6.8,8.52150037745751
"372",6.1,6.4313011375696
"373",5.3,6.90136375507107
"374",4.4,4.64668471839044
"375",17.6,16.9872652968613
"376",6.5,6.08665462512283
"377",5.1,6.32144217708977
"378",12.5,13.7633517977562
"379",10.9,11.3692569937055
"380",6.6,6.82429950077058
"381",9.9,10.1073944615492
"382",15,15.1599208648627
"383",6.2,6.29646086615282
"384",3.6,3.3878840592344
"385",14.8,14.5013006472053
"386",10.9,11.4749680411323
"387",8.9,9.72838969697156
"388",18,18.606703917809
"389",12.6,11.431229557239
"390",9.9,10.4735176963783
"391",8.5,8.45379059359248
"392",14.2,16.7589604371734
"393",4.3,4.47011088212477
"394",12.6,13.124845594151
"395",10,10.4220812105812
"396",10.1,10.9493340326908
"397",9.4,9.2498083727017
"398",16.6,17.2573407245785
"399",15.5,16.8934719680112
"400",10,9.81620496793275
"401",10.5,11.6414388534313
"402",12.4,13.2605168717834
"403",9.8,10.7569826278428
"404",19.8,20.8863889908524
"405",4.1,4.35275117299709
"406",5.2,4.1799425249722
"407",6.7,6.77304325293995
"408",7.1,6.56141156239581
"409",14.9,15.5810495724701
"410",8.7,8.81623796266139
"411",3.6,3.85250169417799
"412",14.8,14.8480305273276
"413",6.7,6.83615739934671
"414",6.5,6.43388962869351
"415",12,13.0410356819358
"416",7.1,6.9834374264092
"417",3.3,4.01459922483664
"418",15.8,15.9946545161108
"419",4.9,4.64479137124303
"420",7.4,7.22851050500486
"421",6.2,5.99999418425152
"422",13.6,14.6074206480954
"423",5.4,4.81004879641353
"424",8.8,10.4946481521622
"425",1.5,3.80023855110351
"426",8.5,8.50597198913098
"427",3.4,4.05979522263901
"428",6.9,6.91382673996326
"429",5.1,5.53481154624786
"430",4.2,4.83508026702478
"431",12.6,13.6551736774324
"432",7.7,7.4428256701106
"433",6.5,6.3471270952319
"434",15.8,16.6460794007538
"435",18.2,19.1344366307523
"436",11.4,11.2606988481267
"437",4.2,4.70978020622605
"438",5,4.79437531730381
"439",3.2,3.5352611802112
"440",13.2,13.6302720585477
"441",3.9,3.32229543669078
"442",5.2,5.51263840220167
"443",10.8,12.3925434206802
"444",5.9,5.99877395949949
"445",16.4,15.737153485081
"446",8.5,8.74792166362844
"447",4.3,3.90265598376457
"448",12.7,13.1426100170665
"449",15.4,13.4277852832346
"450",4,5.16202901895951
"451",4.9,5.10165034454646
"452",5,4.86281966525167
"453",14.3,15.2702402254426
"454",9.3,9.43304649412649
"455",6.5,7.20800474813449
"456",0,0.533189997773939
"457",8.1,8.62988545830142
"458",5.8,5.01440136262239
"459",7.2,7.38517850343747
"460",19.6,18.4103475711207
"461",8.1,8.79449648496414
"462",4.9,5.04794442911053
"463",19.2,16.6942311269796
"464",4.1,3.70064734917226
"465",5.8,5.75981718221824
"466",9.1,9.45953882634155
"467",17.5,17.9971874133072
"468",17.5,18.4045614853332
"469",18.6,16.7265243803824
"470",14.6,14.6026551584398
"471",10.2,10.3110599440144
"472",5.9,7.1525637201655
"473",4,4.43376423546047
"474",12.7,12.8342686403547
"475",16.5,16.8829214527597
"476",10.5,11.095045280824
"477",5.8,5.94379988950338
"478",13.8,13.5777748950952
"479",9.5,10.0153627427275
"480",15.1,15.3040979241243
"481",2.9,4.64672310173799
"482",11.2,9.55263521600794
"483",12.2,13.5313431520631
"484",13.3,14.6256762522747
"485",10.9,10.6397410114201
"486",8,9.00328874997925
"487",13.7,13.938525989394
"488",8.4,8.66691063950495
"489",6.1,6.24984615567461
"490",4.5,6.13719447729604
"491",16.1,16.0875153481827
"492",8.9,8.84630908950121
"493",5.4,6.4827442374013
"494",14.5,14.2175140507757
"495",14.4,14.5782771346908
"496",6.7,6.30735651406552
"497",6.9,7.9221217852071
"498",4.4,4.2908163362385
"499",15.5,16.2209403014806
"500",15.1,13.7348342597465
"501",17.7,17.8012895889932
"502",4.2,10.993746321746
"503",5.6,6.48855623972245
"504",17.6,13.8221720492449
"505",4.5,4.89734113709685
"506",18,19.4254090327835
"507",6.2,6.14530816215026
"508",5.3,5.51763053963657
"509",7.6,7.86092587268552
"510",11.2,11.5250727983994
"511",16.5,16.1517901235726
"512",14.5,14.9454834738167
"513",5.3,5.75372721722952
"514",14.6,14.26995367031
"515",12.9,13.7577852792111
"516",6.3,6.63695147289386
"517",7.4,7.00090603471751
"518",9.8,10.0336983053024
"519",12.2,11.86710769038
"520",6.8,7.36978828739318
"521",12.5,10.9057878590024
"522",15.8,18.4195531458373
"523",9.5,9.80683283524553
"524",9.4,10.0753692394003
"525",3.4,3.73101762277636
"526",13.1,13.5831919633888
"527",15.5,13.885188816544
"528",4.8,5.0342402012399
"529",8.3,7.6993552414972
"530",3.8,4.27121592994094
"531",11.6,12.6472253073121
"532",16.6,16.0266277402243
"533",18.6,19.2322022178704
"534",5.2,5.44223410989039
"535",3.8,3.86877059343091
"536",11.9,13.5552904710263
"537",18.4,18.8441232304249
"538",7.5,7.84899578518084
"539",5.3,4.3898545793941
"540",8.8,6.8464104244728
"541",14.1,15.2146405005793
"542",12.6,13.1227216155952
"543",5.3,4.54897422789027
"544",7.7,8.87870487798829
"545",1.9,6.63592869799109
"546",17.4,15.9507358034844
"547",14.5,15.4826923281355
"548",10.4,12.2553673034928
"549",13.3,14.6425071741513
"550",7.8,7.90225706911041
"551",15,15.1073883141804
"552",3.9,4.46371634564999
"553",9.7,10.1703747879097
"554",8.9,9.22317028354403
"555",6.9,7.54743630508367
"556",11.5,10.7732579995354
"557",13.7,14.5373997669541
"558",7.8,7.68387969005324
"559",5.4,5.46542042951337
"560",9,9.08610049177035
"561",5.1,5.07804869426692
"562",15,15.8230693868605
"563",8.5,7.96954925373634
"564",5.5,5.72241793735554
"565",4.1,4.68962752796647
"566",9.8,9.19293456990194
"567",17.2,17.6369722906869
"568",10,11.2721384078396
"569",6,5.90738709423199
"570",12.3,12.7332512091333
"571",15.6,15.4517942419426
"572",11.2,12.1105877618906
"573",14.9,15.1872640299109
"574",4.2,3.91540651217414
"575",14.5,15.2905832757821
"576",2.8,3.63882046776272
"577",13.2,13.3678821631124
"578",6.3,6.6445491945705
"579",6.9,7.86097834615374
"580",24.7,22.2576715129372
"581",14.9,13.9368062195347
"582",19.9,19.5881749201586
"583",15.5,15.6351130301931
"584",12.2,12.0768118607993
"585",3.7,3.8748387075425
"586",16.2,15.0956928460386
"587",4.9,3.53643079603649
"588",5.5,5.09733454603524
"589",15.8,15.1397282821695
"590",6.4,6.12080261106935
"591",4.6,4.4790384366436
"592",12.3,12.9821045520135
"593",11.6,11.6020259451268
"594",6.6,7.49334274719327
"595",6.5,7.1119196953951
"596",9.4,9.24640639598881
"597",4.1,5.22426938986642
"598",13.9,15.0377318757017
"599",5.4,4.53255729836858
"600",8,11.1956002253017
"601",17.9,19.0917060607854
"602",9.9,8.75040637502134
"603",9,9.27563606901446
"604",15.6,16.5243918704455
"605",11.5,11.8326410791624
"606",7,7.12855648770803
"607",9,9.94777398591896
"608",5,5.76136516614363
"609",12.6,14.4783044333659
"610",8.7,9.04544866731805
"611",9.1,9.75680831778525
"612",5.7,5.94371262459096
"613",14,14.0942336881605
"614",10.1,10.1091031469096
"615",4.4,7.93274163281247
"616",18,19.2881893711615
"617",14.8,15.4371960118895
"618",11.7,11.9551901440989
"619",10,11.6621194186175
"620",13.5,14.6488821726127
"621",10.6,9.9037190698429
"622",9.9,10.1903262151437
"623",19.1,20.4395764854235
"624",5.3,4.49007690911446
"625",7.5,7.78571407268336
"626",7.6,7.53940945945297
"627",15.7,15.626744369603
"628",8.1,7.57080234648922
"629",4.1,4.41697918750553
"630",18.5,18.1499358130393
"631",7,6.96348640020887
"632",13.5,13.5655171215804
"633",3.6,4.19337810479788
"634",15.5,14.8816408404216
"635",5.4,5.88210551045196
"636",6.3,8.0312760547332
"637",5.5,5.06800943621913
"638",5.7,5.65673584109813
"639",13.3,13.5375485351147
"640",5.6,5.23658843578053
"641",8.4,9.47434644741055
"642",8.9,8.63999356878015
"643",3.6,4.5029426001831
"644",5.6,5.58472842424671
"645",13.4,12.6445860037874
"646",2.7,3.65890049993943
"647",11.1,11.3415429454972
"648",20.1,18.4846670935111
"649",16.9,16.411325693396
"650",10,9.04821411133188
"651",5.8,5.63989328137743
"652",6.2,6.02630201772601
"653",3.5,1.2721511768563
"654",11.9,14.2313460674301
"655",13.3,12.8071164097873
"656",3.6,6.70867032659607
"657",6.2,6.43047235121653
"658",8.7,8.41457772907481
"659",8.6,9.49949179379572
"660",14.4,14.2081046849243
"661",0,4.8484299507362
"662",15.3,14.8190967111131
"663",7.1,6.73371100879959
"664",4.6,4.26643914755759
"665",11.5,11.1728483263474
"666",18.3,17.911736399725
"667",2.5,3.98609152421938
"668",5,4.82279193253889
"669",4.7,4.77165847383683
"670",14.4,14.2938510293512
"671",12.6,13.0909370666197
"672",9.9,10.2752546010025
"673",12.5,14.0354290809401
"674",7.8,7.79616444704608
"675",12.9,12.5970689300752
"676",9.3,9.53452574416845
"677",5.2,5.38829505642534
"678",4.8,4.12320141231727
"679",5.8,5.58582929485257
"680",11,12.1871842863643
"681",8.1,8.29894068227251
"682",4.7,5.43841563151727
"683",6.3,5.15761327014029
"684",13.8,13.2067135862331
"685",3.8,4.26774124038581
"686",7.2,6.75022065912098
"687",9.3,9.52271422520078
"688",12.5,12.6400050459225
"689",5.1,4.40728852870227
"690",13.4,15.084454628163
"691",18.1,17.575579004324
"692",18.1,17.6618667627766
"693",4.9,4.20822090534203
"694",9.7,10.1063276296393
"695",6.2,6.86315836943762
"696",13.3,12.8264292559112
"697",15.9,15.5850869747113
"698",17,14.0641546697768
"699",11.3,11.691852416415
"700",14.8,13.1632814486529
"701",17.2,16.4384683583953
"702",3.7,4.7089110442977
"703",13.8,12.3255218318395
"704",14.5,14.7674472755333
"705",8.8,8.79768719591722
"706",11.2,12.3084378826515
"707",15.1,15.328873825313
"708",10.3,9.65721392010835
"709",15.3,14.4235283790957
"710",7.6,7.48720869737413
"711",8.5,8.00846135826283
"712",15.9,15.9871507228106
"713",8.5,7.87192757262922
"714",9.8,10.5124707447149
"715",4.9,4.90078313678839
"716",6.4,6.19601144173103
"717",9.7,9.08371805255328
"718",22.6,16.8644999992145
"719",12.7,12.2367834020715
"720",7.1,6.97998376117149
"721",6.7,6.74525152049479
"722",3.7,3.76717652635889
"723",7.6,7.97572655249319
"724",16.1,15.451364799554
"725",3.4,3.66160805692573
"726",18,18.7324050485423
"727",14.8,14.7455946179692
"728",6.2,5.91608978394644
"729",7.6,7.97952353884709
"730",9.4,10.9332186968721
"731",6.4,7.27312104141391
"732",19.3,18.440218423052
"733",16.1,15.0380103064287
"734",4.8,4.98503455729137
"735",16.3,16.3001471220252
"736",6.8,6.709204909382
"737",12.4,12.9644580215483
"738",5.6,5.56699860462902
"739",12.3,11.6313829874199
"740",7.9,8.15290119291511
"741",13.7,12.9828395542403
"742",11.5,10.8405052137866
"743",9.6,10.3162414664744
"744",15.8,15.7016176723035
"745",4.7,4.87193973597831
"746",12.4,12.7284189893056
"747",5.3,5.86908182010168
"748",16.6,16.964184055371
"749",9.6,9.37407315757181
"750",2.7,2.09964311789662
"751",10.3,11.1569176316433
"752",11.6,11.4343788621922
"753",16,14.9980821187151
"754",17.8,17.3672125449873
"755",18.1,18.0114340261805
"756",5.9,4.73549748127608
"757",5.2,5.52456299993701
"758",13.7,13.8992631654052
"759",17.2,17.0430362028071
"760",12.3,11.3215131384703
"761",7.7,5.28552094571193
"762",11.1,13.0338488033766
"763",12.1,11.5753013516266
"764",11.1,11.0485679069264
"765",3.5,6.80974534712926
"766",6.5,5.58580344953285
"767",6.6,6.2909028839981
"768",10.3,10.8712753029511
"769",17.2,17.2610106507795
"770",8,8.4419368780111
"771",17.4,18.585419412237
"772",24.7,14.8184909010662
"773",14.2,15.3716197812076
"774",3.7,4.51537400853222
"775",10.5,9.01861869270632
"776",8.5,8.34054679944837
"777",7.6,7.80579571363889
"778",9.1,9.91278430071239
"779",14.8,16.5757624564598
"780",13.4,12.4785616944677
"781",5.7,5.30341878317865
"782",7.1,6.49824373301406
"783",6.8,6.3346574960573
"784",14,14.4019059308259
"785",5.3,4.2839851417562
"786",15.8,14.7489580015295
"787",5.2,5.94947063609568
"788",3.4,3.73698307598504
"789",13.5,12.7848242766683
"790",16.6,16.495648036205
"791",9.5,9.49816093223408
"792",6,5.97438781751092
"793",5.4,4.98090012592385
"794",10,10.0257665582028
"795",4.5,5.80156100256254
"796",16.6,16.5547128304198
"797",11.9,11.4294813274462
"798",15,15.4930787797896
"799",3.8,4.11468953492944
"800",12,12.0947631851802
"801",3.6,4.1809037343985
"802",6.6,7.22945328088505
"803",15.5,13.8212043948695
"804",8.6,8.25563611517368
"805",0,-0.322557096081451
"806",19.2,18.5775502643843
"807",10.7,8.81078206845584
"808",14.8,15.889866362413
"809",13.9,13.5175965142285
"810",4.3,4.86605775066688
"811",15.9,16.0370912782824
"812",6.9,6.44627406434315
"813",5.6,5.54111541181404
"814",17.4,16.8578999062769
"815",5.7,5.54131605146899
"816",10.6,10.1821586315161
"817",10.7,12.3630212280161
"818",9.8,10.2394366839236
"819",6.5,6.24530514066392
"820",14.3,14.9819859582111
"821",5.6,6.43476030104312
"822",10.3,8.96048187049416
"823",17,16.7164324380353
"824",10.1,10.2233107367795
"825",8.5,9.07664600191698
"826",14.2,15.8821069104869
"827",11,11.6179817495452
"828",5.7,5.46307872179215
"829",5.6,5.99711772753155
"830",8.3,7.60275199004729
"831",13,14.5407773648844
"832",6,6.12267797697676
"833",4.8,11.8477036410484
"834",26.2,25.9671503756377
"835",16.8,17.3568545041822
"836",11.9,11.1084451974114
"837",10.8,10.5494157223111
"838",7.7,7.76613462603418
"839",14.2,14.8566935114132
"840",3.9,4.02062612924434
"841",6.2,6.42205194173929
"842",6.8,6.17798451914241
"843",4.3,5.7128131373775
"844",16.6,16.1993949993715
"845",7.9,6.65697198642896
"846",3.6,3.93342971224105
"847",14.4,14.0272573475714
"848",8.3,8.4078374488647
"849",14.7,14.0480714131785
"850",16.8,18.7700715136365
"851",6.2,6.29622082073232
"852",15.5,15.6906001078231
"853",3.1,3.51703665969251
"854",16.2,18.1001634591775
"855",5.5,5.1800114787276
"856",5.9,6.18648506059344
"857",6.9,7.35072805744721
"858",5.2,4.99420898684224
"859",12.2,11.8389506073614
"860",5.7,5.38648811022984
"861",9,10.1988412819629
"862",4.5,4.82567788444324
"863",7.2,6.90045776156426
"864",3.1,3.59149163029965
"865",4.9,5.09551211377241
"866",16.3,16.0556766026004
"867",16,15.8884010318937
"868",2.2,2.18489530413145
"869",18.8,16.8185048609783
"870",17.3,16.9586171564572
"871",9.7,9.19286116891841
"872",4.5,4.1921944275341
"873",5.7,6.32705086187044
"874",3.4,3.12503314499441
"875",3.5,3.60057777987774
"876",13.8,13.3069313485955
"877",12.8,12.452555714253
"878",10.3,10.1966386293458
"879",12.7,12.4658993955517
"880",5.1,5.0240887821904
"881",6.9,5.51415941675465
"882",6.1,5.73883836568173
"883",12.9,13.8447308892874
"884",13.9,13.5080077340492
"885",11.8,12.0982690400913
"886",17.9,19.2066513389406
"887",7.9,7.57399392092105
"888",5,4.95986649933283
"889",4.9,4.58705205502723
"890",13,13.6959225827286
"891",17,15.9932804416522
"892",3.3,4.046834805906
"893",10,12.0721500258368
"894",5.4,5.77278752691212
"895",4.7,5.22798677133628
"896",13.6,12.6721116927356
"897",15.5,17.1015076490843
"898",6.1,6.43375118285251
"899",11.7,11.6876069199498
"900",4.7,4.76018706276419
"901",6.6,5.88767988669975
"902",10.7,9.94761730036494
"903",15.5,15.7639133580615
"904",9.4,10.2697366657355
"905",5.3,4.10244917837686
"906",5.7,4.92192149680024
"907",14.7,15.7204962695553
"908",8.3,8.55391517875107
"909",4.9,4.82786863216116
"910",5.1,4.05393055735941
"911",14.8,14.0086829278724
"912",4.9,4.71385562946434
"913",6.5,6.43763641564709
"914",8.9,8.84684090766511
"915",13,11.7940593942329
"916",12.6,12.8213030852699
"917",5.7,4.93235580988286
"918",15.5,15.4667549250322
"919",18.1,17.7096056126197
"920",12.9,12.5566656282669
"921",13.1,8.75822077458349
"922",5.3,5.5662836372941
"923",9.5,9.47117076220067
"924",4.8,4.78913573591806
"925",12.5,11.67967468403
"926",14.5,14.2910667728924
"927",18.6,16.5459152975007
"928",11.5,11.7621965884945
"929",4.5,3.92269949911591
"930",14.4,14.9482296979024
"931",3.2,1.84515656242455
"932",11,14.0872561965116
"933",17.8,17.7643866758247
"934",16.1,11.4219888186221
"935",9.4,10.6378781207691
"936",11.7,11.6040316040176
"937",8.4,9.27775398412048
"938",9.3,8.9176502116774
"939",13.5,13.2177306335296
"940",8.5,8.04844993045314
"941",10.8,10.5522385973604
"942",7.5,6.90566051944768
"943",5.1,4.75276193680421
"944",14.2,13.7837982033196
"945",7.6,7.35051159212587
"946",5.3,5.08288275693279
"947",11,10.6982285877753
"948",12.9,12.262177368801
"949",7.2,7.23538178741659
"950",7.1,7.52464156070885
"951",3.9,4.52319285714114
"952",10.7,10.4378622517581
"953",19.5,18.8805860111262
"954",3.5,3.98588884178864
"955",19.8,19.1519468979023
"956",14.5,15.0449683448176
"957",16.3,13.4031262064979
"958",5.7,6.01424838300538
"959",7.7,7.64842072354697
"960",17.1,16.8321211515115
"961",9.2,10.7533336351104
"962",7.6,6.93324600887373
"963",14.5,14.9611469097009
"964",12.8,10.5263927102752
"965",15.8,15.553446735165
"966",4.9,5.47641267464373
"967",13.1,13.1419735813679
"968",6,4.99531140633958
"969",9.4,10.8145389207104
"970",4.4,4.25629131729476
"971",13.7,13.3551171888678
"972",7.3,6.72059965644178
"973",10.6,10.673566241623
"974",7,7.42037303714292
"975",19.5,19.3502415177784
"976",10.3,9.598397020644
"977",17,16.6260682875834
"978",7.4,7.38993906948289
"979",16.3,16.4467647271702
"980",4.8,4.71361045827773
"981",11.1,11.4012052552774
"982",14.5,15.2678743827354
"983",14.5,11.4457325645316
"984",8.7,9.04377381561368
"985",14.9,12.614214717836
"986",9.3,9.53300687495653
"987",12.4,12.1408549254294
"988",19.6,17.9144193337277
"989",17.6,17.6459658248296
"990",16.8,15.6209923757378
"991",5.2,5.12312520480856
"992",15.6,15.6525362388264
"993",11.2,13.5339510722647
"994",5.3,5.6640018334494
"995",8.4,9.18243537331198
"996",10.8,12.4964076479266
"997",3.9,3.66170702334417
"998",7.4,6.87301782753668
"999",8.6,8.54610850969016
"1000",15.6,15.1398692581357
"1001",4.9,6.63702921936128
"1002",16.6,16.197081852822
"1003",8.6,8.17989046120487
"1004",3.4,4.02234567275288
"1005",7.6,9.31305861600254
"1006",9.2,9.35627983071635
"1007",14.7,14.6170608331312
"1008",12.2,11.798935909266
"1009",6.3,5.93573570002554
"1010",4.8,5.44226791348049
"1011",5.3,4.70532120219783
"1012",14.5,13.6559838876391
"1013",5.4,4.72550217146896
"1014",6.1,5.12215417606042
"1015",15.5,15.3503009971646
"1016",5.3,5.16961490735873
"1017",3.8,4.02548089196146
"1018",15.8,15.6389584926449
"1019",11.4,11.1169109457924
"1020",5.2,5.35229490111396
"1021",5.4,4.69491666049087
"1022",8.4,11.8060392099137
"1023",13.9,14.7058203415378
"1024",5.1,5.01899817961606
"1025",13.8,12.9093412152321
"1026",18,17.5393821706361
"1027",3.5,3.94382582730501
"1028",11.9,11.7859021806211
"1029",2.9,2.78917824330001
"1030",5.4,4.70766459060288
"1031",10,9.05541276299323
"1032",16.8,17.1824082001563
"1033",12,11.37380671016
"1034",11.6,11.5174102357765
"1035",4,2.97636450988475
"1036",13.4,12.1752299470283
"1037",6.5,6.96480656119945
"1038",17.4,18.9544354260334
"1039",15.2,15.389119672449
"1040",11.5,10.9053927059498
"1041",10.9,11.9415470064413
"1042",0,1.00773262486066
"1043",10.7,10.0732635202048
"1044",5.2,4.14830351650913
"1045",12.3,12.3903139150128
"1046",14,13.9228492920619
"1047",5.4,5.17634312701252
"1048",19.2,18.6165436945677
"1049",11.2,10.5190960325627
"1050",11,9.52701946755638
"1051",8.2,8.34385639803956
"1052",2.8,3.15759634233782
"1053",16.5,18.0967035084329
"1054",9,8.99556699902213
"1055",6.5,6.62942719516834
"1056",5.8,5.42851301369953
"1057",4.9,4.57407097600345
"1058",14.7,14.7978197750417
"1059",6.1,6.32621931765448
"1060",7.4,7.20829763529527
"1061",18.3,17.5949249403782
"1062",5,4.86495218194852
"1063",4.8,4.90994561455809
"1064",17.3,17.6077309526793
"1065",13,13.5400928347659
"1066",10.9,10.1373197234601
"1067",10.3,9.42555755886131
"1068",9,10.0606561197323
"1069",18.6,17.8143939764102
"1070",4,4.27222434141904
"1071",4.8,4.25772717004569
"1072",6.7,6.84898008511171
"1073",15.2,15.0153421144513
"1074",9.3,8.98412918794052
"1075",7.2,7.3124325470462
"1076",4,3.88170759828707
"1077",20,18.5240184649856
"1078",5.8,5.48248440105069
"1079",16.8,15.9896184338817
"1080",12.3,12.1941775783184
"1081",17.6,17.5829126035461
"1082",0,1.71126224134532
"1083",6.5,6.62086138300067
"1084",12.9,13.0852157944524
"1085",10,9.67701932042843
"1086",4,3.98933283708811
"1087",9.1,8.45838054402771
"1088",13.3,12.3612404175265
"1089",5.1,5.16853697432247
"1090",7.1,7.12136208894892
"1091",4.8,4.42951057940026
"1092",14.5,14.4221688010083
"1093",5.4,4.55958311957649
"1094",13,13.222738472996
"1095",22.5,19.6586516311238
"1096",8.8,8.77201386255125
"1097",4.3,4.23786780455764
"1098",6.4,6.93340707842558
"1099",5.1,4.80674151217136
"1100",14.1,13.831310595305
"1101",4.4,4.64461237775883
"1102",18,17.1533982007705
"1103",3.6,3.20083080499815
"1104",17.6,17.186121894347
"1105",19.6,20.7578585726547
"1106",14.9,14.0120856077449
"1107",10.8,11.2927684865543
"1108",4.3,4.86068142956615
"1109",5.2,4.5644820886842
"1110",5.1,7.30650886744627
"1111",3.4,3.73978912413764
"1112",16.7,15.7671413933017
"1113",11.6,11.2027060150962
"1114",10.3,10.5908365987741
"1115",12.9,12.2581513041575
"1116",4.4,4.53017710863833
"1117",7.6,7.92190871547062
"1118",12.9,13.1308951542884
"1119",9.4,9.14603801991451
"1120",15.9,15.7261866875798
"1121",9.5,11.4801511288238
"1122",5.6,5.91118841835463
"1123",5,5.02187972985091
"1124",9.1,9.3178180026734
"1125",4.2,4.12105766166879
"1126",14.4,15.1683766726165
"1127",19.5,18.8983433702594
"1128",12.7,11.8597019520893
"1129",2.6,1.8879058291424
"1130",4.4,5.14726081534797
"1131",15.7,14.8677916006253
"1132",9.3,8.93458142888576
"1133",4.4,4.67292142067681
"1134",6.5,5.68413862520112
"1135",11.8,11.5509474419502
"1136",14.8,15.6027333146508
"1137",11.2,11.0716377011752
"1138",14.5,14.3058964760105
"1139",9,9.85050499889706
"1140",13.5,13.4295041047682
"1141",5.3,5.5601216829917
"1142",4.8,4.32956448290389
"1143",14.5,16.2135738807375
"1144",5.1,5.0553001174366
"1145",5.6,4.49126687543616
"1146",13.9,13.1662644684723
"1147",4.5,4.5377033514754
"1148",6.4,6.11096504288276
"1149",8.1,7.81801795904696
"1150",11.3,10.7437918447303
"1151",5,4.19924303995277
"1152",15.6,14.9230372499489
"1153",19.8,19.4843948620974
"1154",13.5,13.3731942465688
"1155",11.1,13.075285603518
"1156",7.1,9.30985980581941
"1157",10.3,10.4066331675444
"1158",12.4,13.0876897763618
"1159",18.7,18.7471966350771
"1160",10.6,10.3672947726755
"1161",14.3,14.4978080742
"1162",4.1,4.46570825125388
"1163",1.4,5.68723969237741
"1164",13.9,14.2259561372653
"1165",4.3,4.31319905619073
"1166",14.5,12.77988772685
"1167",8.9,11.0834788659862
"1168",3.2,5.09068331138308
"1169",9.8,9.14206406995979
"1170",12.1,13.8525008527488
"1171",9.7,9.24960893355856
"1172",13.2,13.0586104308016
"1173",11,14.6555640471393
"1174",6.8,6.75498514886233
"1175",8.7,8.96605847871979
"1176",13.3,12.8405009817198
"1177",8.5,8.47100781740977
"1178",5.4,6.08038205532217
"1179",5.8,5.60638757059834
"1180",11,11.5048084315502
"1181",12.2,11.8605397400318
"1182",6.4,6.10865635720257
"1183",6.9,6.67218174075948
"1184",3.9,4.41653185297656
"1185",9.6,8.88939300905326
"1186",6.2,5.59366087583911
"1187",10.6,11.6002054426996
"1188",4,3.7632433383291
"1189",14.2,15.727951948028
"1190",8.3,7.87790543894443
"1191",3.8,3.33656476197022
"1192",5.9,5.82586708915022
"1193",18,16.8838401076832
"1194",9.4,11.0405308501907
"1195",12,11.6212104520808
"1196",9.9,8.93909676163433
"1197",15.3,15.4528054742592
"1198",15.6,15.0599885285491
"1199",16.8,16.0494247857192
"1200",4.7,4.8755099886604
"1201",6,5.57343049998478
"1202",4.7,4.87567406533275
"1203",6,5.54173358243858
"1204",10.9,11.7743589397711
"1205",12.1,12.0922217487549
"1206",9.2,8.89519299436127
"1207",6.2,6.74668946502294
"1208",17.2,18.180753594606
"1209",10.5,9.93526758973346
"1210",16,16.2003278799487
"1211",8.5,8.59851014411855
"1212",15.3,14.9476206114082
"1213",6,5.38275996402569
"1214",4.7,4.3187906799786
"1215",2.5,3.42064848821642
"1216",19.5,19.1034800683016
"1217",13.7,11.2611278369391
"1218",7.3,7.56230855518787
"1219",10.8,7.81307274962086
"1220",13.2,13.4556547884102
"1221",18.3,17.463378512255
"1222",20,14.802839495801
"1223",17,16.7425674059007
"1224",15.7,14.8593460710329
"1225",16.3,16.0805119659754
"1226",5.6,5.10064991738776
"1227",7,7.26411968322911
"1228",15.4,15.7447299179166
"1229",2.9,4.1564572772315
"1230",9.1,8.96694878611422
"1231",3.4,3.05465361671117
"1232",6.3,6.90998223820196
"1233",6.7,7.03235318489708
"1234",17.8,15.8476407829719
"1235",14.4,14.3841873288192
"1236",6.4,7.55734681392622
"1237",15.1,14.3685741058214
"1238",14.7,13.716719904573
"1239",6.5,6.53264567017041
"1240",4.8,3.88831330664337
"1241",15.9,15.0096716816617
"1242",2.6,2.71894226570913
"1243",13.7,13.7865279564239
"1244",7.8,7.53836805597087
"1245",16.2,16.6888081380353
"1246",15.9,16.1374826275869
"1247",5.5,5.30830447178186
"1248",5.4,5.70088227877472
"1249",13.7,13.5564818893011
"1250",14.6,13.8532957114823
"1251",10.5,11.872810868992
"1252",4.7,4.68117537949531
"1253",4.9,4.36376314810583
"1254",16.4,16.9424889939592
"1255",4.9,5.30978622337041
"1256",3.8,3.80083131117004
"1257",12.9,12.034998684249
"1258",9.5,9.58450905266914
"1259",4.9,5.58163713163527
"1260",5.9,5.09307217730797
"1261",6,6.09593823878711
"1262",11.8,12.5308750890803
"1263",3.6,2.84614197206839
"1264",12.6,12.119130549326
"1265",15.8,14.5738854048608
"1266",3.4,4.10275457190736
"1267",14.5,13.9825585307518
"1268",10.3,10.0914272609347
"1269",3.3,2.45039567940768
"1270",5.4,5.72328276922906
"1271",8.6,8.36502905117782
"1272",17,17.2275880939433
"1273",11.9,11.3939808601072
"1274",3.3,3.32141647327915
"1275",15.7,14.5624371408838
"1276",5,5.37348488759697
"1277",16.8,16.5112591206029
"1278",14.1,14.0140787382458
"1279",13.7,14.032719001777
"1280",2.8,6.4765079869852
"1281",12,11.7461631752956
"1282",9,9.16393733985839
"1283",5.4,5.82526974832146
"1284",13.8,12.1410428543095
"1285",15.1,13.8166648164634
"1286",6,5.77052484569657
"1287",10.7,9.91277403302582
"1288",0,6.98684320982081
"1289",11.1,11.1413847077195
"1290",14.9,15.1048214460423
"1291",18.9,18.5606963043451
"1292",11.1,11.019740641447
"1293",9.5,9.22738990778386
"1294",7.5,7.72959419979582
"1295",16.6,16.5313163930457
"1296",0,0.936404051682493
"1297",6.4,5.9236837613152
"1298",6.9,6.06410380822738
"1299",4.5,4.50925901494332
"1300",7.4,6.80072902975465
"1301",14.5,13.9072220971775
"1302",7.1,6.86850324494443
"1303",6.9,6.09614322088465
"1304",6.3,6.12329490355781
"1305",13.7,14.1237421701558
"1306",15.3,15.0740417527642
"1307",12.4,11.802192386884
"1308",10.8,10.928431596007
"1309",18.4,17.0139582603823
"1310",4,4.12354022589937
"1311",4.7,5.15587480473514
"1312",6.8,7.09360475622501
"1313",14.9,14.5950621415114
"1314",7.3,7.57980337912767
"1315",3.6,4.09261552201888
"1316",20.6,19.1253164687618
"1317",13.8,14.0726365838308
"1318",7.5,1.31363999479068
"1319",16.1,18.5695347987082
"1320",6.8,5.56968922069053
"1321",13.1,13.7980303037982
"1322",10.4,10.4094678635182
"1323",3.5,3.43147423218828
"1324",6.8,4.61818829982052
"1325",4.8,4.14467685392806
"1326",8.3,7.55448843288992
"1327",4.7,4.29434613343566
"1328",7.2,7.30275998667851
"1329",11.9,11.9366525646195
"1330",12.7,13.0834830100772
"1331",23.1,20.8444138344445
"1332",4.4,5.27517981432862
"1333",9.3,9.35362185724321
"1334",5.8,6.01573365848218
"1335",17.1,17.0779014519666
"1336",5.5,4.61234123202275
"1337",5.7,6.15930529438536
"1338",10.3,10.3560528386648
"1339",4.6,4.62592980384334
"1340",19.7,14.523413001442
"1341",4.3,4.207067244737
"1342",23.3,21.4757366397974
"1343",18.4,19.6709595405059
"1344",10.8,11.0621202300448
"1345",15.4,14.5515014047656
"1346",10.9,10.6350143441039
"1347",5.2,5.12267166802522
"1348",3.6,5.91325853093339
"1349",3.2,2.89590242299829
"1350",15,14.534407859808
"1351",3.5,3.93766420899128
"1352",10.9,10.112802349223
"1353",12.6,12.214869895338
"1354",15.8,14.380871091667
"1355",13.3,13.6887092605642
"1356",3,3.80366255423958
"1357",15.4,8.59078915741705
"1358",5.5,5.15734527766364
"1359",7.3,6.99034184476776
"1360",13.3,12.9369922954782
"1361",7.9,8.24857508048338
"1362",10.2,9.64904997477857
"1363",17.8,17.316422759016
"1364",12.6,13.0168993419047
"1365",5.2,5.31401052998641
"1366",8.6,8.5056729132447
"1367",4.8,4.37572904691564
"1368",15.2,14.3529407860504
"1369",5.5,4.54773222646075
"1370",13.9,13.9706905031099
"1371",3.6,2.90555659737213
"1372",5.3,5.28384595135791
"1373",14.5,14.426500698981
"1374",8.9,8.90677979502071
"1375",8.9,8.54801573395079
"1376",4.2,4.47243270270759
"1377",5.7,5.69036779971278
"1378",8.9,8.72197161453308
"1379",14.5,14.4661613681758
"1380",9.6,10.0515394680506
"1381",6.5,5.75578307064277
"1382",5.7,5.05485034331855
"1383",15.7,16.1333210667002
"1384",4.4,4.28237154784102
"1385",10,9.84163813986778
"1386",3.4,3.69502053979534
"1387",5.1,4.80114617363366
"1388",12.4,12.7318655414444
"1389",5.4,4.64407550353516
"1390",16.9,16.4350091182922
"1391",13.5,14.373376819435
"1392",7,7.1010968226051
"1393",3.6,4.2127908591367
"1394",5.4,4.65207216956822
"1395",14.7,14.3278347921336
"1396",6.8,6.90608312737184
"1397",11.2,11.652493837446
"1398",4.8,4.87009825207512
"1399",9.6,11.2747421314381
"1400",18.1,17.5258389530711
"1401",11.4,8.0472051096911
"1402",2.4,3.63577583922365
"1403",9.1,9.21121861360499
"1404",13.7,13.754103672075
"1405",10.5,10.7622281689696
"1406",8.7,8.8749440264633
"1407",4.5,4.76414602505764
"1408",13.7,13.1386797778604
"1409",9.1,9.0340837275725
"1410",5.6,10.6463200579707
"1411",16.8,16.3309693233921
"1412",16.6,16.1718277372763
"1413",1.7,5.17566124603995
"1414",14.2,14.9743362801459
"1415",10.8,10.8978784227409
"1416",4.1,5.20984571951374
"1417",16.8,16.8967137483035
"1418",13.4,12.2426332848871
"1419",8.9,10.0022748061771
"1420",4.7,4.30981369845859
"1421",14,13.5552748814563
"1422",9.4,9.44707864291872
"1423",15.8,12.9357086656195
"1424",7.3,9.08522040152721
"1425",13.4,14.0531627174472
"1426",8.2,7.60401138350844
"1427",11.8,11.6144500428183
"1428",8.2,7.75074737590286
"1429",13.7,12.1403603382182
"1430",6.9,6.57963741137585
"1431",5.5,5.22791965072909
"1432",10.1,9.94581036830818
"1433",5.6,5.09108122894539
"1434",14.3,14.4793249828809
"1435",5.7,5.39533420315094
"1436",5.3,5.13748473425405
"1437",11.2,10.0203674288804
"1438",5.4,5.49812495472231
"1439",9.6,9.71987910304128
"1440",10.5,10.8203390406961
"1441",8.6,8.8176799661255
"1442",12.7,12.2674669947793
"1443",6.2,6.16723956854032
"1444",19.4,18.4526831308725
"1445",4.8,3.00988022708778
"1446",9.2,8.80405388728873
"1447",13.4,12.7023066744752
"1448",9.4,9.67245007246758
"1449",7,6.50739943353458
"1450",14.6,13.8355755847941
"1451",9.1,9.01450469845819
"1452",13.9,11.9603911847098
"1453",10.6,10.4202902780399
"1454",6.4,6.80608095537645
"1455",14.7,15.5666964451221
"1456",5.3,5.83351786161777
"1457",15.7,15.5254122766996
"1458",14.4,15.5368365852362
"1459",17.4,15.3257352655931
"1460",4.5,4.2743711672465
"1461",13.1,11.2794176111178
"1462",4.2,3.8603943618004
"1463",14.6,15.5119792693698
"1464",5.4,5.02234138714574
"1465",4.9,4.94916402412632
"1466",5.5,5.47108896987254
"1467",3.9,4.62077090218516
"1468",13.7,16.3826717697875
"1469",14.2,13.0111034810748
"1470",11.6,11.6200157622993
"1471",8.5,8.45479431005521
"1472",6,5.78076997313988
"1473",9.3,9.92236677494437
"1474",18.7,18.533040327849
"1475",8.4,7.32856637539166
"1476",15.1,14.0198795268853
"1477",7.9,7.69527354150701
"1478",14.3,15.4337915547497
"1479",16.5,16.84273989212
"1480",12.5,11.9310487650719
"1481",6.2,10.4310571524555
"1482",11.2,12.0709702345223
"1483",14.3,14.5266826540618
"1484",10.8,11.0579751548025
"1485",3.5,4.43642644461795
"1486",18.9,18.6208250369865
"1487",10.1,8.83423014926166
"1488",15.4,14.8813613633657
"1489",9.1,10.0980867497823
"1490",5.1,4.99512126064686
"1491",11.9,11.7208070773808
"1492",17.8,16.7286458728182
"1493",16.8,17.6608699169889
"1494",11.2,10.9627554295771
"1495",14.7,14.6497460279965
"1496",4,3.79001650969999
"1497",14.1,14.1262580225744
"1498",15.8,15.5827944604805
"1499",5.8,6.51463210118883
"1500",3.2,2.62325903844489
"1501",8.7,7.69699504366873
"1502",4.1,2.77997392613655
"1503",10.6,10.444740783912
"1504",8.7,7.93496935335248
"1505",4.7,4.36069709699955
"1506",16.2,15.1177397319888
"1507",23.4,20.7190138928632
"1508",6,4.68144344960292
"1509",5.4,4.6685248982787
"1510",9.6,9.85949715083442
"1511",15.4,14.4253220103394
"1512",17.2,17.0486656436745
"1513",3.9,3.43481610084632
"1514",5.8,5.82711397172954
"1515",7,7.73284636252455
"1516",7.9,8.97465925802729
"1517",4.4,4.75176119053596
"1518",16.5,15.8172119482164
"1519",13.6,13.1012691590279
"1520",7.5,8.20228571603084
"1521",16.5,17.7324897743744
"1522",5.4,6.45661988746293
"1523",4.9,4.58676128882449
"1524",15.3,14.8192899271253
"1525",14,13.9998015322744
"1526",9.6,9.84715797294193
"1527",4,3.88486571157899
"1528",4.4,4.33717128848024
"1529",14.8,16.2185544861787
"1530",11.3,12.2042659788047
"1531",3.4,3.81924827154281
"1532",22.8,20.5127335419063
"1533",13.7,13.7687747890577
"1534",6.3,8.13400056929334
"1535",3.9,3.39494300770477
"1536",5.3,4.64146855677743
"1537",9.1,8.8252349937778
"1538",11.9,12.52511921393
"1539",4.5,3.63331337818241
"1540",16.8,15.926557702902
"1541",14.7,14.9843325231634
"1542",19.8,19.5958364307437
"1543",9.8,10.241995702268
"1544",13.1,13.5474103424216
"1545",15.3,13.8402786355298
"1546",12.3,11.87868644459
"1547",10.8,11.0811132618324
"1548",2.4,3.03969388648702
"1549",6.5,6.5905554989021
"1550",7.9,6.89190011076214
"1551",15.4,15.4068810738988
"1552",12.1,11.4560090490894
"1553",4.8,5.14013578570598
"1554",6.1,6.5197399202451
"1555",15.6,14.449956091295
"1556",15.4,15.1091109860859
"1557",13.7,13.9750303259801
"1558",3.2,4.82314628355752
"1559",15.3,15.6880943499023
"1560",12.6,13.0616366616536
"1561",10.1,9.8183321790528
"1562",5.8,5.31236253339738
"1563",10.4,10.7390672123359
"1564",12.8,12.2756276206296
"1565",5.9,6.10508087665983
"1566",9.2,8.48864982439971
"1567",6.5,6.79756838140959
"1568",15.8,16.4156285295353
"1569",13.6,13.6516352812884
"1570",4.6,3.99736716809261
"1571",15.8,14.949240664994
"1572",5.9,5.59017363077345
"1573",8.2,7.73621926817654
"1574",7.5,7.54353521231851
"1575",15.4,15.3013061578081
"1576",5.8,5.13817884148141
"1577",7.4,7.09081437590467
"1578",0,1.01680042343284
"1579",4.5,4.95208695328575
"1580",6.3,5.63758005896049
"1581",14.1,14.065676692268
"1582",4.5,5.0230452751183
"1583",6.5,6.23101834903219
"1584",8,6.96692362784242
"1585",5.8,5.50435927591597
"1586",9.6,9.87933056500327
"1587",5,4.65710079245466
"1588",7,7.1517373009216
"1589",11.9,11.3587750450567
"1590",6.7,6.49329443331168
"1591",4.3,3.42914429080532
"1592",5.7,4.326242916714
"1593",19.1,17.9224450481588
"1594",13.8,15.8131284154068
"1595",11.9,11.0228547607948
"1596",4.2,4.37342068449341
"1597",7.6,8.55209421925473
"1598",5.4,5.9918322418779
"1599",15.8,15.2172959794517
"1600",4.1,4.36424971227978
"1601",7,6.3755585247485
"1602",9.7,9.65346530583996
"1603",6.2,5.68022080872863
"1604",10.5,9.65591226176643
"1605",8.3,8.64932725639023
"1606",6.7,6.4230585618868
"1607",8.9,8.28898234502114
"1608",21.2,20.4035935506679
"1609",3.9,3.30233750719873
"1610",9.9,9.99715536340327
"1611",20.7,16.5480222480926
"1612",18.7,17.7021710050111
"1613",16,15.7436679480257
"1614",6,5.31231823465693
"1615",13.3,11.772168795243
"1616",19.4,18.7646383723926
"1617",9.6,9.54580745046387
"1618",4.6,4.39331193339431
"1619",3.9,4.13505447883759
"1620",5.6,5.13212873094138
"1621",6.1,5.78689391813095
"1622",15.3,15.2774694805775
"1623",8.6,7.8657556609743
"1624",11.3,10.3703105096638
"1625",5.9,5.46061719322688
"1626",3.1,6.94886526709539
"1627",14.5,13.8281013963419
"1628",6.1,5.79850251756613
"1629",8.3,8.44700722693217
"1630",3.9,4.20471609701277
"1631",16.5,17.4735837903532
"1632",3.4,4.64104242094217
"1633",4.4,4.50365917758551
"1634",9.2,8.89033110517322
"1635",4.2,3.32718692556641
"1636",3.5,3.86627553288431
"1637",16.6,14.0034039346249
"1638",18.1,19.9308097155193
"1639",10.3,10.576558733941
"1640",15.2,14.8647517187449
"1641",5.5,5.52421651786777
"1642",15.6,9.78325619466727
"1643",5.2,4.69089533230581
"1644",3.9,3.44830773123862
"1645",9.6,9.72230295412566
"1646",8.8,9.49078856362532
"1647",14.1,14.1835086943414
"1648",10.7,11.5761819296264
"1649",14.2,12.6451900604106
"1650",7.5,6.85381579546888
"1651",13.3,12.6375338314943
"1652",6.9,6.94032161491992
"1653",15,14.5534676200191
"1654",15.9,14.5597620982057
"1655",12.1,11.947981406428
"1656",5,4.95510588047958
"1657",19.1,16.6323175447709
"1658",4.8,4.91813379560479
"1659",4.8,5.2160118732313
"1660",14.2,10.2660186921543
"1661",10.1,12.1746175413097
"1662",5.2,4.95009711818041
"1663",17.5,15.2560087682491
"1664",12.7,12.7176369412639
"1665",2.5,2.43709292370045
"1666",6.6,5.36610007607862
"1667",6.3,6.18842576552021
"1668",13.9,14.5295873548878
"1669",8.2,7.72205730324122
"1670",9.1,8.67831699245062
"1671",13.1,10.1524030041787
"1672",5,5.27525533161817
"1673",4.9,5.24418210128425
"1674",10.3,9.46156451734619
"1675",11.5,11.0617477934386
"1676",6.3,5.82050982577231
"1677",0,8.52763935010955
"1678",16.2,16.2273874966067
"1679",5,4.72547379533283
"1680",8.2,7.84434275198213
"1681",4.4,4.69410581232728
"1682",4.3,4.64260066183592
"1683",14.5,13.2105298324032
"1684",11.4,10.962804922025
"1685",5.1,5.4840968011876
"1686",16.9,16.4076567342541
"1687",7.1,7.02010422228474
"1688",2.5,1.48271469872098
"1689",5.4,4.08868103529371
"1690",14.7,14.4648052447215
"1691",5.5,5.56515502404756
"1692",10.6,10.5383107215481
"1693",4.2,4.20928262896068
"1694",15.4,6.65321717912316
"1695",17,16.2565330852075
"1696",16,15.6008470994271
"1697",3.4,4.18425986408727
"1698",8.5,9.3877853892643
"1699",3.1,3.774253822991
"1700",7.9,8.29876057357842
"1701",10.6,10.7901197055223
"1702",5.4,5.22010766503973
"1703",4.1,4.35371847954992
"1704",9.6,10.3321484354073
"1705",16.3,16.7038560203952
"1706",10.3,9.85124690495548
"1707",10,10.2472515431627
"1708",4.2,4.94171810842171
"1709",17.6,13.532730632683
"1710",15.3,15.0227822334757
"1711",12.6,14.1899047196113
"1712",8.8,10.642732403361
"1713",4.4,5.04190325514436
"1714",10,10.0619959337724
"1715",9.7,9.50472532402524
"1716",9.3,8.48657047504308
"1717",12.6,12.2711126697988
"1718",12.9,12.4180227869968
"1719",15.4,15.4682780763796
"1720",13.4,13.7163891999611
"1721",10,9.99953726793898
"1722",15.7,10.9649079690691
"1723",6,6.12934892353033
"1724",5.4,5.30853794127581
"1725",9.3,9.19080354890389
"1726",14.5,14.1656530009193
"1727",6.4,5.95050361403606
"1728",5.2,5.58358450068438
"1729",6.5,5.31994555871092
"1730",5.6,5.79185518917904
"1731",9.5,8.50941403134554
"1732",7.7,7.31333940563773
"1733",11.5,11.7963902448888
"1734",19,18.5662079463752
"1735",4.5,3.56848808188163
"1736",12.7,11.6999820326847
"1737",3.3,4.03859431592137
"1738",13.6,13.4664365700322
"1739",5.4,5.31698070400018
"1740",7.7,7.70017820465521
"1741",6.8,6.4163194394293
"1742",12.6,11.2255374662547
"1743",13.2,14.1497435688201
"1744",9.6,9.58775495218356
"1745",8.1,7.35637095636034
"1746",3.9,7.11875710825636
"1747",4.5,4.47717469612327
"1748",6,6.1213101591216
"1749",16.2,14.7131574738273
"1750",7.1,7.42494054814477
"1751",16.4,15.3025606512782
"1752",12.9,12.5831998276613
"1753",16,16.1931861610354
"1754",4.1,4.71905711118349
"1755",5,4.82343895367242
"1756",14.6,15.0199090263366
"1757",5.6,4.96001020923262
"1758",5.3,4.86312273138548
"1759",4.2,4.45176039787888
"1760",13.6,14.411224213056
"1761",14.9,14.819016945716
"1762",8.7,8.98709848838248
"1763",9.5,9.7762127376358
"1764",6,6.34068960529855
"1765",6.8,6.68309326785976
"1766",4.4,4.39145457009419
"1767",15.7,17.0064592243388
"1768",8.7,7.97320740720052
"1769",7.1,10.6777052473821
"1770",16.2,16.1736029529862
"1771",14,13.3154496707286
"1772",8.3,7.71881817880176
"1773",13.4,14.1126510441686
"1774",17.6,16.970374776066
"1775",13.7,13.4224733758676
"1776",11.2,9.62402929963439
"1777",10.5,10.0549681759645
"1778",4.8,4.8741667858324
"1779",8.7,5.21754716629145
"1780",17.2,18.0821286205144
"1781",14.1,14.2190151761766
"1782",11.8,13.5558370199581
"1783",9.5,10.2187528358591
"1784",14.2,13.6006469508779
"1785",21.8,14.8548762641995
"1786",4.8,4.77184728724414
"1787",17.1,16.3684497367466
"1788",12.9,13.1660689354343
"1789",7.7,6.96011312614463
"1790",15.4,15.8846545626246
"1791",12.7,10.9683411642926
"1792",15.3,15.185120324187
"1793",17.7,17.3003836424779
"1794",16.2,16.0042677464356
"1795",9.3,8.11461184696932
"1796",3.4,3.74144145109343
"1797",6.8,6.2396307405987
"1798",11.4,10.3846725940687
"1799",4.6,3.68912232290693
"1800",15.3,13.8514700535445
"1801",22.3,20.4510738661196
"1802",4.2,4.91619283970715
"1803",4.5,4.16043693151427
"1804",15.9,17.0972267984332
"1805",10,9.13476985405145
"1806",16.4,16.574445556412
"1807",5.7,2.21651900504429
"1808",5.8,5.58473293702238
"1809",14,14.278085430868
"1810",4,4.36821020044369
"1811",16.2,15.5545197917509
"1812",13.5,12.2374598608865
"1813",7.6,7.59061448042868
"1814",11.5,11.0867147166134
"1815",4,4.42259768720736
"1816",14,14.8938083078942
"1817",11.7,10.8410567090336
"1818",8.3,8.1604737330049
"1819",10.1,9.16266074967038
"1820",4.3,4.548676651534
"1821",4,4.42769860019608
"1822",12.1,8.13204101696552
"1823",3,3.67676737818072
"1824",10.8,11.3960532470677
"1825",19.9,18.3907416902046
"1826",16.5,16.3175130768435
"1827",6.2,5.01506452374019
"1828",3.2,3.62306227009461
"1829",5.4,3.5009776959372
"1830",4.4,4.33128504678912
"1831",10.2,9.60618790097615
"1832",11,10.7303415806256
"1833",8.5,8.57250041025222
"1834",16.4,16.0584336550611
"1835",15.1,15.9691625007768
"1836",17.5,18.2588425112719
"1837",9.5,9.49177175072148
"1838",14.3,14.75148534706
"1839",15.7,15.6203270120828
"1840",13.3,12.6159453717362
"1841",12.2,11.8062111258514
"1842",10.3,11.1582485064933
"1843",3.7,3.67115686823719
"1844",7,6.82529168085306
"1845",7.4,7.67261341250954
"1846",17,15.9764796364949
"1847",10.3,9.33094907927657
"1848",10.1,9.66181166620458
"1849",11.3,9.76742074992361
"1850",4.1,3.41782339258334
"1851",17,15.299094448633
"1852",15.8,15.6407063524272
"1853",13.8,13.4560184111785
"1854",16.7,16.6989452790347
"1855",16.1,17.1045728215105
"1856",11.3,11.4862965001832
"1857",9.2,9.78521476720896
"1858",5.7,4.05225547899827
"1859",8.5,8.39234567349452
"1860",10,7.10384167729435
"1861",11.9,12.1693108569522
"1862",5.1,5.35041149386307
"1863",8.7,8.10689823524762
"1864",12.9,13.9294003657566
"1865",10.2,9.00795609870314
"1866",13,14.3044085325337
"1867",15.4,14.9745229547713
"1868",3.9,4.54220731469745
"1869",15.6,15.6473271500991
"1870",6.2,5.85362365364438
"1871",7.2,6.2526051417675
"1872",7.4,7.2178995485079
"1873",6.6,6.5974243779677
"1874",17.2,18.4823336641413
"1875",5.2,4.68988241525909
"1876",5,4.04883196488284
"1877",4.9,4.94276756826219
"1878",0,7.8706431421991
"1879",3.8,3.54471645958341
"1880",5.3,5.34739038499647
"1881",5.4,4.54988752376282
"1882",5.2,5.17198848229529
"1883",5.8,5.89647345165389
"1884",4.1,3.16014007538649
"1885",4.9,5.78523853685939
"1886",6.6,5.18231712569504
"1887",0,1.42931659359253
"1888",8.6,6.55406521780544
"1889",3.8,4.69093392397343
"1890",17.9,17.9951099305437
"1891",8.3,8.16266690215964
"1892",6.1,5.44968536926926
"1893",6,5.61205858826386
"1894",6.7,5.51826293114934
"1895",10.1,9.31279200158805
"1896",20.7,20.2770760164226
"1897",3.2,3.21120857932448
"1898",19.4,18.3854507799156
"1899",15,15.0395331062104
"1900",13.5,14.6372115744415
"1901",5.6,5.60312308792309
"1902",11.1,10.9044926674789
"1903",18.1,17.3429224517104
"1904",8,8.11782083957531
"1905",3.4,4.12653366234392
"1906",5.6,6.02086354865536
"1907",5.1,5.30638491664732
"1908",14.2,14.2530352001993
"1909",8.8,9.61165343731833
"1910",13,12.1289418002586
"1911",3.7,4.21459024868197
"1912",5.1,4.51612071757972
"1913",8.1,8.16677645094783
"1914",7,6.72102829574941
"1915",4,3.98845848356957
"1916",10.9,10.7898571094749
"1917",6.8,6.97469566423728
"1918",4.8,4.56762630040425
"1919",15.3,12.9014510341935
"1920",1.6,4.52864779757595
"1921",3.4,3.50266133563532
"1922",17.6,18.1477495593095
"1923",9.5,8.85937489639451
"1924",16.6,16.0472447259974
"1925",6.1,4.79488752185976
"1926",11.2,8.79630066405132
"1927",3.4,3.82267530273088
"1928",4.2,3.93533520187087
"1929",10.8,10.2076726921899
"1930",10.9,9.66095409817429
"1931",14.7,14.6744753861063
"1932",13.2,13.2230858571784
"1933",13.6,12.8184082680967
"1934",12.3,12.9904648827068
"1935",5.9,6.15031710857021
"1936",14.6,13.7141650492893
"1937",6.3,8.04845060244394
"1938",13.8,10.8991369827037
"1939",15.1,14.7533721721928
"1940",0,-0.178979801195929
"1941",5,4.91875128861772
"1942",5.9,5.2953467566172
"1943",6.8,5.14671954206106
"1944",5,5.41525485543862
"1945",12.8,12.9507545219832
"1946",2.6,6.25650802705291
"1947",6.9,6.08031809682736
"1948",10.2,8.70547552775412
"1949",6,5.36211501836402
"1950",16,16.0154815214417
"1951",5.2,4.46074381251125
"1952",8.4,7.64064444883453
"1953",9.8,10.2043370923237
"1954",4.6,4.69920594238757
"1955",10.3,9.631975350178
"1956",12.7,11.5439995674428
"1957",6.6,6.76329640959541
"1958",9.4,9.52400223537888
"1959",16.5,15.7364751924623
"1960",4.7,4.25072024859567
"1961",7.9,8.03573406358134
"1962",9.2,9.06401862008937
"1963",5.8,4.90170996500104
"1964",13.8,12.8090793052186
"1965",9.5,9.73979323568628
"1966",7.4,7.1689885894714
"1967",16.7,16.0203095660813
"1968",7.3,6.82161341303074
"1969",5.5,5.51240698780271
"1970",2.6,2.13930901608871
"1971",16.2,14.5786303994683
"1972",5.1,4.94474073219689
"1973",9.8,8.55978043417214
"1974",4,4.32086385000146
"1975",0,3.62755613036928
"1976",18.9,17.0230224388438
"1977",14,12.5072992076336
"1978",14.4,12.7413141614967
"1979",9.4,8.40353603045807
"1980",3.7,3.01441367654895
"1981",13.6,9.0112826130237
"1982",4.4,4.14691723629963
"1983",8.6,8.43214818432862
"1984",10.5,10.0844728208004
"1985",2.9,3.88052777504209
"1986",9.2,8.44475332722756
"1987",3.3,3.84162625220772
"1988",8.5,8.59839326234198
"1989",16.1,16.2719785641935
"1990",11.1,11.4503186810752
"1991",11.6,10.9243834782149
"1992",15.6,15.4033800277487
"1993",11.7,12.0538301044939
"1994",6.9,6.73671649120781
"1995",4.7,4.47718803054966
"1996",10.5,9.32678244365873
"1997",14,14.3916010286542
"1998",10.4,9.37252756675029
"1999",12,11.0666804317164
"2000",16.4,16.4720334226132
"2001",12.5,12.8491345029
"2002",3.7,7.08900321145372
"2003",10.5,10.0566736663309
"2004",5.5,5.24497151182519
"2005",9.5,9.47995222295621
"2006",3.6,3.60796639144146
"2007",14.1,12.8147713494355
"2008",3.9,3.21642483734097
"2009",5.4,3.97566515026162
"2010",5.4,5.05988572930531
"2011",4.6,4.48278165420261
"2012",11.5,10.4440730160427
"2013",7.3,6.33707657282012
"2014",11,10.4895977182338
"2015",17.5,17.055196479398
"2016",8.6,7.91776408462319
"2017",3.8,4.17761841214306
"2018",14.3,13.7591562164165
"2019",4.2,4.77555727710395
"2020",11.3,11.1526246414538
"2021",4.8,3.34562943910889
"2022",10.1,9.5367249439075
"2023",4.1,4.27943614135899
"2024",6.3,6.54748285980298
"2025",13.7,14.06730203029
"2026",9.6,9.60968322641574
"2027",11.2,10.1429178145679
"2028",15.1,12.6459403328934
"2029",10.4,11.2917629395967
"2030",5.1,5.16918434305411
"2031",14.5,13.7673225327751
"2032",11.1,11.2487059323871
"2033",16.2,16.3936466950478
"2034",11.5,11.4491945168235
"2035",16.1,14.5838035704262
"2036",4,3.74180816948274
"2037",6.7,8.63385992845292
"2038",11.4,9.4541125360052
"2039",5.3,4.56975896426714
"2040",3.5,3.56107943005655
"2041",14.5,13.9045020027463
"2042",5.6,5.33967152692006
"2043",4.2,4.3530968070079
"2044",15.2,13.4970807237841
"2045",19.1,15.7783450248343
"2046",4.5,4.55165063559783
"2047",16.1,14.79300058213
"2048",14,13.6131274449616
"2049",8.7,8.46501988206963
"2050",8.6,8.81616075889238
"2051",5.6,6.16339166923156
"2052",15.8,14.3501625243913
"2053",7.2,6.43391556041764
"2054",3.8,4.05979435955806
"2055",15.7,15.8637508862894
"2056",9.1,8.88110848670828
"2057",11.7,12.4645175795687
"2058",13.2,12.540690657107
"2059",7.2,6.75345955636031
"2060",12,12.5568130170272
"2061",17.9,17.0630583247839
"2062",14.7,13.0922842647397
"2063",5,4.90500581319677
"2064",7,6.26316824218428
"2065",18.5,19.4392696825377
"2066",14.1,14.3644069653542
"2067",12.3,12.9126842947485
"2068",8.9,8.85943405241711
"2069",11.1,10.6570698745549
"2070",13.4,12.2545477733506
"2071",3.2,4.78412477775793
"2072",18,17.1293688188307
"2073",13.6,14.0164582576649
"2074",14.5,13.6170892771726
"2075",17.4,18.9633798829198
"2076",15.4,13.9451319085926
"2077",20.7,18.3780627085827
"2078",14,12.7377140461312
"2079",3.9,4.16223005328713
"2080",6.7,6.25110016341566
"2081",10.6,8.6571264969469
"2082",5.5,5.04749545151449
"2083",4.3,3.71395847260255
"2084",16.2,14.3094753229165
"2085",23.2,21.0101631409367
"2086",3.2,4.21139238943367
"2087",14.8,15.8940625411329
"2088",8.7,8.10107781378669
"2089",12.7,12.478675317602
"2090",8.2,7.7439602769525
"2091",3.9,4.37181309852355
"2092",17.7,16.4366986465357
"2093",3.7,3.74004193367895
"2094",12.9,12.1069140645138
"2095",7.8,6.53620271419619
"2096",11.3,10.8600587284506
"2097",3.8,4.22613936074146
"2098",12.5,12.6139378142948
"2099",11.4,11.0267567258007
"2100",12,12.8983874526978
"2101",4.3,4.68503747519845
"2102",2.9,3.7190476956448
"2103",15.2,13.5550730271619
"2104",3.2,3.78078423517991
"2105",8.6,7.89710774917231
"2106",18.6,16.8101216038576
"2107",10.4,7.20259911654127
"2108",5.1,4.91769103970863
"2109",4,3.49742804179848
"2110",5.3,4.26554585374363
"2111",12,11.7288121591844
"2112",5.3,5.94210784855242
"2113",14.7,14.1807522469614
"2114",20.4,20.1393351402962
"2115",8.2,8.10339142609183
"2116",15.5,15.3655235684261
"2117",7.3,6.85577209695399
"2118",10,8.87571781179167
"2119",13.1,12.8583494931333
"2120",3.5,2.92504453057082
"2121",5.5,5.39047195554222
"2122",5.4,5.03176077990153
"2123",17,15.810836403421
"2124",7.8,6.0808030773336
"2125",11.6,11.1433416517407
"2126",13.3,12.2737048867024
"2127",10.3,9.44694555000996
"2128",10.9,9.31182602302529
"2129",7.3,10.3427095862089
"2130",15.6,14.6687864011468
"2131",9.5,8.35617247223128
"2132",16,15.8336361486131
"2133",15.9,15.8149733630889
"2134",12.7,11.7398582707579
"2135",16.7,17.1946492943785
"2136",18.4,17.9004854211596
"2137",11,10.3171940030143
"2138",12.4,12.0251068413736
"2139",9.6,9.06945388045779
"2140",12.4,11.6934586945846
"2141",11.5,11.5321967929708
"2142",4.2,4.74846398649874
"2143",11.4,11.3392494200997
"2144",9,8.34268758478048
"2145",10.9,10.1397803482463
"2146",18,16.472324015093
"2147",4.4,4.46261867281921
"2148",15.5,14.3787774796958
"2149",5.1,4.51494468424557
"2150",7,5.91173805691034
"2151",6.8,6.24163382082786
"2152",17.5,15.8145380246323
"2153",5,4.97365604733908
"2154",5,4.28231385579359
"2155",5.2,4.53370624496975
"2156",4,6.41503152136807
"2157",5.5,5.84180600977477
"2158",4.7,4.3827995743661
"2159",5.5,5.32822298037883
"2160",5.4,4.77930590612474
"2161",6.4,5.66171200723152
"2162",5.3,5.28968762631398
"2163",6.5,7.28069239095537
"2164",10.1,10.5716635264839
"2165",4.5,4.52702876919674
"2166",5.4,4.3288363035256
"2167",15.7,14.4704998344518
"2168",11.8,10.7937596180821
"2169",3.8,3.61566340243005
"2170",4.2,4.24274466451554
"2171",13.2,13.7961068396788
"2172",17.5,16.5664635031805
"2173",10.1,10.2530664304689
"2174",4,4.06148527301704
"2175",6.7,6.44551485346953
"2176",6.2,5.09264620489821
"2177",9.6,8.767158992062
"2178",4.2,4.05037759934811
"2179",15.4,14.7168738728291
"2180",16.2,11.9892304382323
"2181",13.6,13.324030938262
"2182",5.4,5.31762126993577
"2183",9.1,8.46547567807606
"2184",17.4,15.5818726537131
"2185",8.4,7.8177106309085
"2186",3.3,3.93748168728077
"2187",4.7,5.27855013296356
"2188",17.5,13.5217181813488
"2189",10.7,10.1678041123244
"2190",8.9,8.71575026007386
"2191",11.4,11.2985733232433
"2192",21.4,20.546632180376
"2193",4.4,4.69000730300102
"2194",5.7,5.45478193592114
"2195",8.6,8.32179691266801
"2196",6.6,5.86395239698946
"2197",4.2,4.28884376981334
"2198",7,6.16906516752094
"2199",3.8,4.16452150053143
"2200",4.3,4.27360625900882
